gameId,actionNumber,clock,period,teamId,teamTricode,personId,playerName,playerNameI,xLegacy,yLegacy,shotDistance,shotResult,isFieldGoal,scoreHome,scoreAway,pointsTotal,location,description,actionType,subType,videoAvailable,shotValue,actionId,GAME_ID
0042300403,2,PT12M00.00S,1,0,,0,,,0,0,0,,0,0,0,0,,Start of 1st Period (8:39 PM EST),period,start,0,0,1,0042300403
0042300403,4,PT12M00.00S,1,1610612742,DAL,1629655,Gafford,D. Gafford,0,0,0,,0,,,0,h,Jump Ball Gafford vs. Horford: Tip to Doncic,Jump Ball,,1,0,2,0042300403
0042300403,7,PT11M46.00S,1,1610612742,DAL,202681,Irving,K. Irving,17,20,3,Made,1,2,0,2,h,Irving 3' Driving Layup (2 PTS) (Doncic 1 AST),Made Shot,Driving Layup Shot,1,2,3,0042300403
0042300403,9,PT11M23.00S,1,1610612738,BOS,201143,Horford,A. Horford,2,96,10,Made,1,2,2,4,v,Horford 10' Floating Jump Shot (2 PTS) (Brown 1 AST),Made Shot,Floating Jump shot,1,2,4,0042300403
0042300403,11,PT11M14.00S,1,1610612742,DAL,1629029,Dončić,L. Dončić,-174,202,27,Made,1,5,2,7,h,Doncic 27' 3PT Step Back Jump Shot (3 PTS),Made Shot,Step Back Jump shot,1,3,5,0042300403
0042300403,12,PT11M02.00S,1,1610612738,BOS,1628369,Tatum,J. Tatum,0,0,0,,0,,,0,v,Tatum Lost Ball Turnover (P1.T1),Turnover,Lost Ball,1,0,6,0042300403
0042300403,12,PT11M02.00S,1,1610612742,DAL,1627884,Jones Jr.,D. Jones Jr.,0,0,0,,0,,,0,h,Jones Jr. STEAL (1 STL),,,1,0,7,0042300403
0042300403,14,PT10M58.00S,1,1610612742,DAL,1627884,Jones Jr.,D. Jones Jr.,-10,21,2,Made,1,7,2,9,h,Jones Jr. 2' Running Layup (2 PTS),Made Shot,Running Layup Shot,1,2,8,0042300403
0042300403,15,PT10M45.00S,1,1610612738,BOS,201950,Holiday,J. Holiday,-223,-18,0,Missed,1,,,0,v,MISS Holiday 3PT Step Back Jump Shot,Missed Shot,Step Back Jump shot,1,3,9,0042300403
0042300403,16,PT10M42.00S,1,1610612742,DAL,1629029,Dončić,L. Dončić,0,0,0,,0,,,0,h,Doncic REBOUND (Off:0 Def:1),Rebound,Unknown,1,0,10,0042300403
0042300403,17,PT10M35.00S,1,1610612742,DAL,1629029,Dončić,L. Dončić,0,0,0,,0,,,0,h,Doncic Lost Ball Turnover (P1.T1),Turnover,Lost Ball,1,0,11,0042300403
0042300403,17,PT10M35.00S,1,1610612738,BOS,201143,Horford,A. Horford,0,0,0,,0,,,0,v,Horford STEAL (1 STL),,,1,0,12,0042300403
0042300403,19,PT10M30.00S,1,1610612738,BOS,1628401,White,D. White,-167,185,25,Missed,1,,,0,v,MISS White 25' 3PT Running Pull-Up Jump Shot,Missed Shot,Running Pull-Up Jump Shot,1,3,13,0042300403
0042300403,20,PT10M26.00S,1,1610612742,DAL,202681,Irving,K. Irving,0,0,0,,0,,,0,h,Irving REBOUND (Off:0 Def:1),Rebound,Unknown,1,0,14,0042300403
0042300403,21,PT10M12.00S,1,1610612742,DAL,1629029,Dončić,L. Dončić,31,34,5,Made,1,9,2,11,h,Doncic 5' Driving Layup (5 PTS),Made Shot,Driving Layup Shot,1,2,15,0042300403
0042300403,22,PT10M11.00S,1,0,,1610612738,,,0,0,0,,0,,,0,v,Celtics Timeout: Regular (Reg.1 Short 0),Timeout,Regular,0,0,16,0042300403
0042300403,23,PT09M55.00S,1,1610612738,BOS,201143,Horford,A. Horford,228,0,0,Made,1,9,5,14,v,Horford 3PT Jump Shot (5 PTS) (Brown 2 AST),Made Shot,Jump Shot,1,3,17,0042300403
0042300403,25,PT09M34.00S,1,1610612742,DAL,1627884,Jones Jr.,D. Jones Jr.,222,-13,0,Missed,1,,,0,h,MISS Jones Jr. 3PT Jump Shot,Missed Shot,Jump Shot,1,3,18,0042300403
0042300403,25,PT09M34.00S,1,1610612738,BOS,201143,Horford,A. Horford,0,0,0,,0,,,0,v,Horford BLOCK (1 BLK),,,1,3,19,0042300403
0042300403,27,PT09M34.00S,1,0,,1610612742,,,0,0,0,,0,,,0,h,MAVERICKS Rebound,Rebound,Unknown,0,0,20,0042300403
0042300403,29,PT09M32.00S,1,1610612742,DAL,202681,Irving,K. Irving,-36,50,6,Made,1,11,5,16,h,Irving 6' Jump Bank Shot (4 PTS) (Doncic 2 AST),Made Shot,Jump Bank Shot,1,2,21,0042300403
0042300403,31,PT09M15.00S,1,1610612738,BOS,1628401,White,D. White,224,4,0,Missed,1,,,0,v,MISS White 3PT Jump Shot,Missed Shot,Jump Shot,1,3,22,0042300403
0042300403,32,PT09M15.00S,1,1610612742,DAL,1629655,Gafford,D. Gafford,0,0,0,,0,,,0,h,Gafford REBOUND (Off:0 Def:1),Rebound,Unknown,1,0,23,0042300403
0042300403,33,PT08M56.00S,1,1610612742,DAL,202681,Irving,K. Irving,-5,46,5,Missed,1,,,0,h,MISS Irving 5' Driving Finger Roll Layup,Missed Shot,Driving Finger Roll Layup Shot,1,2,24,0042300403
0042300403,34,PT08M53.00S,1,1610612738,BOS,1627759,Brown,J. Brown,0,0,0,,0,,,0,v,Brown REBOUND (Off:0 Def:1),Rebound,Unknown,1,0,25,0042300403
0042300403,35,PT08M47.00S,1,1610612738,BOS,1628369,Tatum,J. Tatum,-11,19,2,Missed,1,,,0,v,MISS Tatum 2' Running Layup,Missed Shot,Running Layup Shot,1,2,26,0042300403
0042300403,35,PT08M47.00S,1,1610612742,DAL,1629655,Gafford,D. Gafford,0,0,0,,0,,,0,h,Gafford BLOCK (1 BLK),,,1,2,27,0042300403
0042300403,37,PT08M45.00S,1,1610612738,BOS,201950,Holiday,J. Holiday,0,0,0,,0,,,0,v,Holiday REBOUND (Off:1 Def:0),Rebound,Unknown,1,0,28,0042300403
0042300403,38,PT08M45.00S,1,1610612738,BOS,201950,Holiday,J. Holiday,-17,8,2,Missed,1,,,0,v,MISS Holiday 2' Putback Layup,Missed Shot,Putback Layup Shot,1,2,29,0042300403
0042300403,39,PT08M45.00S,1,1610612742,DAL,1629023,Washington,P. Washington,0,0,0,,0,,,0,h,Washington REBOUND (Off:0 Def:1),Rebound,Unknown,1,0,30,0042300403
0042300403,40,PT08M45.00S,1,1610612738,BOS,1628369,Tatum,J. Tatum,0,0,0,,0,,,0,v,Tatum P.FOUL (P1.T1) (K.Scott),Foul,Personal,1,0,31,0042300403
0042300403,42,PT08M33.00S,1,1610612742,DAL,1629029,Dončić,L. Dončić,137,221,26,Missed,1,,,0,h,MISS Doncic 26' 3PT Step Back Jump Shot,Missed Shot,Step Back Jump shot,1,3,32,0042300403
0042300403,43,PT08M29.00S,1,1610612738,BOS,1627759,Brown,J. Brown,0,0,0,,0,,,0,v,Brown REBOUND (Off:0 Def:2),Rebound,Unknown,1,0,33,0042300403
0042300403,44,PT08M24.00S,1,1610612738,BOS,1627759,Brown,J. Brown,-34,248,25,Missed,1,,,0,v,MISS Brown 25' 3PT Step Back Jump Shot,Missed Shot,Step Back Jump shot,1,3,34,0042300403
0042300403,45,PT08M22.00S,1,1610612742,DAL,1629029,Dončić,L. Dončić,0,0,0,,0,,,0,h,Doncic REBOUND (Off:0 Def:2),Rebound,Unknown,1,0,35,0042300403
0042300403,46,PT08M17.00S,1,1610612742,DAL,1629655,Gafford,D. Gafford,-23,23,3,Made,1,13,5,18,h,Gafford 3' Running Alley Oop Dunk Shot (2 PTS) (Washington 1 AST),Made Shot,Running Alley Oop Dunk Shot,1,2,36,0042300403
0042300403,48,PT07M57.00S,1,1610612738,BOS,201950,Holiday,J. Holiday,20,59,6,Missed,1,,,0,v,MISS Holiday 6' Driving Hook Shot,Missed Shot,Driving Hook Shot,1,2,37,0042300403
0042300403,49,PT07M54.00S,1,1610612742,DAL,1627884,Jones Jr.,D. Jones Jr.,0,0,0,,0,,,0,h,Jones Jr. REBOUND (Off:0 Def:1),Rebound,Unknown,1,0,38,0042300403
0042300403,50,PT07M41.00S,1,1610612742,DAL,202681,Irving,K. Irving,-216,167,27,Missed,1,,,0,h,MISS Irving 27' 3PT Step Back Jump Shot,Missed Shot,Step Back Jump shot,1,3,39,0042300403
0042300403,51,PT07M39.00S,1,1610612738,BOS,1628369,Tatum,J. Tatum,0,0,0,,0,,,0,v,Tatum REBOUND (Off:0 Def:1),Rebound,Unknown,1,0,40,0042300403
0042300403,52,PT07M24.00S,1,1610612738,BOS,201950,Holiday,J. Holiday,148,-8,15,Made,1,13,7,20,v,Holiday 15' Step Back Jump Shot (2 PTS),Made Shot,Step Back Jump shot,1,2,41,0042300403
0042300403,53,PT07M11.00S,1,1610612738,BOS,1627759,Brown,J. Brown,0,0,0,,0,,,0,v,Brown P.FOUL (P1.T2) (K.Scott),Foul,Personal,1,0,42,0042300403
0042300403,55,PT07M11.00S,1,1610612742,DAL,1627884,Jones Jr.,D. Jones Jr.,0,0,0,,0,,,0,h,SUB: Lively II FOR Jones Jr.,Substitution,,0,0,43,0042300403
0042300403,56,PT07M11.00S,1,1610612742,DAL,1629655,Gafford,D. Gafford,0,0,0,,0,,,0,h,SUB: Hardy FOR Gafford,Substitution,,0,0,44,0042300403
0042300403,59,PT07M05.00S,1,1610612742,DAL,1629029,Dončić,L. Dončić,15,16,2,Made,1,15,7,22,h,Doncic 2' Driving Finger Roll Layup (7 PTS),Made Shot,Driving Finger Roll Layup Shot,1,2,45,0042300403
0042300403,60,PT06M47.00S,1,1610612738,BOS,1628401,White,D. White,-226,-14,0,Missed,1,,,0,v,MISS White 3PT Jump Shot,Missed Shot,Jump Shot,1,3,46,0042300403
0042300403,61,PT06M44.00S,1,1610612742,DAL,1641726,Lively II,D. Lively II,0,0,0,,0,,,0,h,Lively II REBOUND (Off:0 Def:1),Rebound,Unknown,1,0,47,0042300403
0042300403,62,PT06M37.00S,1,1610612742,DAL,202681,Irving,K. Irving,-17,73,7,Made,1,17,7,24,h,Irving 7' Driving Finger Roll Layup (6 PTS),Made Shot,Driving Finger Roll Layup Shot,1,2,48,0042300403
0042300403,63,PT06M26.00S,1,1610612738,BOS,1628369,Tatum,J. Tatum,9,21,2,Made,1,17,9,26,v,Tatum 2' Driving Layup (2 PTS) (White 1 AST),Made Shot,Driving Layup Shot,1,2,49,0042300403
0042300403,65,PT06M10.00S,1,1610612742,DAL,1629029,Dončić,L. Dončić,-32,43,5,Made,1,19,9,28,h,Doncic 5' Driving Floating Jump Shot (9 PTS),Made Shot,Driving Floating Jump Shot,1,2,50,0042300403
0042300403,66,PT05M56.00S,1,1610612738,BOS,1627759,Brown,J. Brown,0,0,0,,0,,,0,v,Brown Traveling Turnover (P1.T2),Turnover,Traveling,1,0,51,0042300403
0042300403,67,PT05M56.00S,1,1610612742,DAL,1629023,Washington,P. Washington,0,0,0,,0,,,0,h,SUB: Kleber FOR Washington,Substitution,,0,0,52,0042300403
0042300403,68,PT05M56.00S,1,1610612738,BOS,201143,Horford,A. Horford,0,0,0,,0,,,0,v,SUB: Tillman FOR Horford,Substitution,,0,0,53,0042300403
0042300403,71,PT05M48.00S,1,1610612742,DAL,1641726,Lively II,D. Lively II,18,20,3,Made,1,21,9,30,h,Lively II 3' Cutting Layup Shot (2 PTS) (Doncic 3 AST),Made Shot,Cutting Layup Shot,1,2,54,0042300403
0042300403,73,PT05M48.00S,1,1610612738,BOS,1630214,Tillman,X. Tillman,0,0,0,,0,,,0,v,Tillman S.FOUL (P1.T3) (K.Scott),Foul,Shooting,1,0,55,0042300403
0042300403,75,PT05M48.00S,1,1610612742,DAL,1641726,Lively II,D. Lively II,0,0,0,,0,22,9,31,h,Lively II Free Throw 1 of 1 (3 PTS),Free Throw,Free Throw 1 of 1,1,0,56,0042300403
0042300403,76,PT05M33.00S,1,1610612738,BOS,1628369,Tatum,J. Tatum,93,242,26,Made,1,22,12,34,v,Tatum 26' 3PT Pullup Jump Shot (5 PTS),Made Shot,Pullup Jump shot,1,3,57,0042300403
0042300403,77,PT05M16.00S,1,1610612742,DAL,1629029,Dončić,L. Dončić,-161,236,29,Missed,1,,,0,h,MISS Doncic 29' 3PT Step Back Jump Shot,Missed Shot,Step Back Jump shot,1,3,58,0042300403
0042300403,78,PT05M14.00S,1,1610612738,BOS,1628401,White,D. White,0,0,0,,0,,,0,v,White REBOUND (Off:0 Def:1),Rebound,Unknown,1,0,59,0042300403
0042300403,79,PT05M05.00S,1,1610612742,DAL,1629029,Dončić,L. Dončić,0,0,0,,0,,,0,h,Doncic P.FOUL (P1.T1) (K.Scott),Foul,Personal,1,0,60,0042300403
0042300403,81,PT04M57.00S,1,1610612738,BOS,1627759,Brown,J. Brown,127,240,27,Missed,1,,,0,v,MISS Brown 27' 3PT Jump Shot,Missed Shot,Jump Shot,1,3,61,0042300403
0042300403,82,PT04M54.00S,1,1610612742,DAL,1641726,Lively II,D. Lively II,0,0,0,,0,,,0,h,Lively II REBOUND (Off:0 Def:2),Rebound,Unknown,1,0,62,0042300403
0042300403,83,PT04M48.00S,1,1610612742,DAL,202681,Irving,K. Irving,-17,290,29,Made,1,25,12,37,h,Irving 29' 3PT Running Pull-Up Jump Shot (9 PTS),Made Shot,Running Pull-Up Jump Shot,1,3,63,0042300403
0042300403,84,PT04M34.00S,1,1610612742,DAL,202681,Irving,K. Irving,0,0,0,,0,,,0,h,Irving S.FOUL (P1.T2) (K.Scott),Foul,Shooting,1,0,64,0042300403
0042300403,86,PT04M34.00S,1,1610612738,BOS,1627759,Brown,J. Brown,0,0,0,,0,,,0,v,MISS Brown Free Throw 1 of 3,Free Throw,Free Throw 1 of 3,1,0,65,0042300403
0042300403,87,PT04M34.00S,1,0,,1610612738,,,0,0,0,,0,,,0,v,Celtics Rebound,Rebound,Normal Rebound,1,0,66,0042300403
0042300403,88,PT04M34.00S,1,1610612738,BOS,1627759,Brown,J. Brown,0,0,0,,0,25,13,38,v,Brown Free Throw 2 of 3 (1 PTS),Free Throw,Free Throw 2 of 3,1,0,67,0042300403
0042300403,89,PT04M34.00S,1,1610612742,DAL,1629029,Dončić,L. Dončić,0,0,0,,0,,,0,h,SUB: Washington FOR Doncic,Substitution,,0,0,68,0042300403
0042300403,90,PT04M34.00S,1,1610612738,BOS,1628401,White,D. White,0,0,0,,0,,,0,v,SUB: Hauser FOR White,Substitution,,0,0,69,0042300403
0042300403,93,PT04M34.00S,1,1610612738,BOS,1627759,Brown,J. Brown,0,0,0,,0,25,14,39,v,Brown Free Throw 3 of 3 (2 PTS),Free Throw,Free Throw 3 of 3,1,0,70,0042300403
0042300403,94,PT04M22.00S,1,1610612742,DAL,1630702,Hardy,J. Hardy,0,0,0,,0,,,0,h,Hardy Step Out of Bounds Turnover (P1.T2),Turnover,Step Out of Bounds Turnover,1,0,71,0042300403
0042300403,95,PT04M06.00S,1,1610612738,BOS,1628369,Tatum,J. Tatum,202,167,26,Missed,1,,,0,v,MISS Tatum 26' 3PT Step Back Jump Shot,Missed Shot,Step Back Jump shot,1,3,72,0042300403
0042300403,96,PT04M03.00S,1,1610612742,DAL,1628467,Kleber,M. Kleber,0,0,0,,0,,,0,h,Kleber REBOUND (Off:0 Def:1),Rebound,Unknown,1,0,73,0042300403
0042300403,97,PT03M57.00S,1,1610612742,DAL,1630702,Hardy,J. Hardy,-9,25,3,Missed,1,,,0,h,MISS Hardy 3' Driving Layup,Missed Shot,Driving Layup Shot,1,2,74,0042300403
0042300403,98,PT03M54.00S,1,1610612738,BOS,1630573,Hauser,S. Hauser,0,0,0,,0,,,0,v,Hauser REBOUND (Off:0 Def:1),Rebound,Unknown,1,0,75,0042300403
0042300403,99,PT03M51.00S,1,1610612738,BOS,1627759,Brown,J. Brown,-1,6,1,Made,1,25,16,41,v,Brown 1' Running Layup (4 PTS) (Hauser 1 AST),Made Shot,Running Layup Shot,1,2,76,0042300403
0042300403,101,PT03M35.00S,1,1610612742,DAL,1629023,Washington,P. Washington,39,28,5,Missed,1,,,0,h,MISS Washington 5' Turnaround Hook Shot,Missed Shot,Turnaround Hook Shot,1,2,77,0042300403
0042300403,102,PT03M33.00S,1,1610612738,BOS,1628369,Tatum,J. Tatum,0,0,0,,0,,,0,v,Tatum REBOUND (Off:0 Def:2),Rebound,Unknown,1,0,78,0042300403
0042300403,103,PT03M26.00S,1,1610612738,BOS,1628369,Tatum,J. Tatum,32,260,26,Made,1,25,19,44,v,Tatum 26' 3PT Jump Shot (8 PTS) (Brown 3 AST),Made Shot,Jump Shot,1,3,79,0042300403
0042300403,105,PT03M23.00S,1,0,,1610612742,,,0,0,0,,0,,,0,h,MAVERICKS Timeout: Regular (Full 1 Short 0),Timeout,Regular,0,0,80,0042300403
0042300403,106,PT03M23.00S,1,1610612742,DAL,1630702,Hardy,J. Hardy,0,0,0,,0,,,0,h,SUB: Doncic FOR Hardy,Substitution,,0,0,81,0042300403
0042300403,108,PT03M06.00S,1,1610612742,DAL,202681,Irving,K. Irving,-140,178,23,Missed,1,,,0,h,MISS Irving 23' Step Back Jump Shot,Missed Shot,Step Back Jump shot,1,2,82,0042300403
0042300403,109,PT03M04.00S,1,0,,1610612742,,,0,0,0,,0,,,0,h,MAVERICKS Rebound,Rebound,Unknown,0,0,83,0042300403
0042300403,111,PT03M04.00S,1,1610612738,BOS,1630214,Tillman,X. Tillman,0,0,0,,0,,,0,v,SUB: Horford FOR Tillman,Substitution,,0,0,84,0042300403
0042300403,113,PT02M53.00S,1,1610612742,DAL,1628467,Kleber,M. Kleber,190,181,26,Missed,1,,,0,h,MISS Kleber 26' 3PT Jump Shot,Missed Shot,Jump Shot,1,3,85,0042300403
0042300403,113,PT02M53.00S,1,1610612738,BOS,1627759,Brown,J. Brown,0,0,0,,0,,,0,v,Brown BLOCK (1 BLK),,,1,3,86,0042300403
0042300403,115,PT02M52.00S,1,0,,1610612738,,,0,0,0,,0,,,0,v,Celtics Rebound,Rebound,Unknown,0,0,87,0042300403
0042300403,117,PT02M35.00S,1,1610612742,DAL,1641726,Lively II,D. Lively II,0,0,0,,0,,,0,h,MAVERICKS T.Foul (Def. 3 Sec Lively II ) (M.Davis),Foul,Defense 3 Second,1,0,88,0042300403
0042300403,118,PT02M35.00S,1,1610612738,BOS,1628369,Tatum,J. Tatum,0,0,0,,0,25,20,45,v,Tatum Free Throw Technical (9 PTS),Free Throw,Free Throw Technical,1,0,89,0042300403
0042300403,119,PT02M35.00S,1,1610612742,DAL,1641726,Lively II,D. Lively II,0,0,0,,0,,,0,h,SUB: Exum FOR Lively II,Substitution,,0,0,90,0042300403
0042300403,120,PT02M35.00S,1,1610612742,DAL,202681,Irving,K. Irving,0,0,0,,0,,,0,h,SUB: Gafford FOR Irving,Substitution,,0,0,91,0042300403
0042300403,123,PT02M24.00S,1,1610612738,BOS,1630573,Hauser,S. Hauser,234,41,24,Made,1,25,23,48,v,Hauser 24' 3PT Jump Shot (3 PTS) (Brown 4 AST),Made Shot,Jump Shot,1,3,92,0042300403
0042300403,125,PT02M01.00S,1,1610612742,DAL,1629029,Dončić,L. Dončić,77,143,16,Made,1,27,23,50,h,Doncic 16' Fadeaway Jumper (11 PTS),Made Shot,Fadeaway Jump Shot,1,2,93,0042300403
0042300403,126,PT01M46.00S,1,1610612742,DAL,203957,Exum,D. Exum,0,0,0,,0,,,0,h,Exum S.FOUL (P1.T3) (J.Capers),Foul,Shooting,1,0,94,0042300403
0042300403,128,PT01M46.00S,1,1610612738,BOS,1628369,Tatum,J. Tatum,0,0,0,,0,27,24,51,v,Tatum Free Throw 1 of 2 (10 PTS),Free Throw,Free Throw 1 of 2,1,0,95,0042300403
0042300403,129,PT01M46.00S,1,1610612742,DAL,1628467,Kleber,M. Kleber,0,0,0,,0,,,0,h,SUB: Jones Jr. FOR Kleber,Substitution,,0,0,96,0042300403
0042300403,130,PT01M46.00S,1,1610612738,BOS,201950,Holiday,J. Holiday,0,0,0,,0,,,0,v,SUB: White FOR Holiday,Substitution,,0,0,97,0042300403
0042300403,133,PT01M46.00S,1,1610612738,BOS,1628369,Tatum,J. Tatum,0,0,0,,0,27,25,52,v,Tatum Free Throw 2 of 2 (11 PTS),Free Throw,Free Throw 2 of 2,1,0,98,0042300403
0042300403,134,PT01M34.00S,1,1610612742,DAL,203957,Exum,D. Exum,2,29,3,Made,1,29,25,54,h,Exum 3' Driving Dunk (2 PTS),Made Shot,Driving Dunk Shot,1,2,99,0042300403
0042300403,135,PT01M16.00S,1,1610612738,BOS,1628369,Tatum,J. Tatum,-218,145,26,Missed,1,,,0,v,MISS Tatum 26' 3PT Pullup Jump Shot,Missed Shot,Pullup Jump shot,1,3,100,0042300403
0042300403,136,PT01M12.00S,1,1610612742,DAL,1629023,Washington,P. Washington,0,0,0,,0,,,0,h,Washington REBOUND (Off:0 Def:2),Rebound,Unknown,1,0,101,0042300403
0042300403,138,PT01M02.00S,1,1610612738,BOS,1630573,Hauser,S. Hauser,0,0,0,,0,,,0,v,Hauser S.FOUL (P1.T4) (J.Capers),Foul,Shooting,1,0,102,0042300403
0042300403,140,PT01M02.00S,1,1610612742,DAL,1629029,Dončić,L. Dončić,0,0,0,,0,30,25,55,h,Doncic Free Throw 1 of 2 (12 PTS),Free Throw,Free Throw 1 of 2,1,0,103,0042300403
0042300403,141,PT01M02.00S,1,1610612742,DAL,1629029,Dončić,L. Dončić,0,0,0,,0,31,25,56,h,Doncic Free Throw 2 of 2 (13 PTS),Free Throw,Free Throw 2 of 2,1,0,104,0042300403
0042300403,142,PT00M48.90S,1,1610612738,BOS,1627759,Brown,J. Brown,10,96,10,Missed,1,,,0,v,MISS Brown 10' Pullup Jump Shot,Missed Shot,Pullup Jump shot,1,2,105,0042300403
0042300403,143,PT00M46.60S,1,1610612742,DAL,1629029,Dončić,L. Dončić,0,0,0,,0,,,0,h,Doncic REBOUND (Off:0 Def:3),Rebound,Unknown,1,0,106,0042300403
0042300403,144,PT00M37.60S,1,1610612742,DAL,1629029,Dončić,L. Dončić,208,162,26,Missed,1,,,0,h,MISS Doncic 26' 3PT Step Back Jump Shot,Missed Shot,Step Back Jump shot,1,3,107,0042300403
0042300403,145,PT00M34.00S,1,1610612738,BOS,1630573,Hauser,S. Hauser,0,0,0,,0,,,0,v,Hauser REBOUND (Off:0 Def:2),Rebound,Unknown,1,0,108,0042300403
0042300403,146,PT00M28.60S,1,1610612738,BOS,1630573,Hauser,S. Hauser,11,266,27,Made,1,31,28,59,v,Hauser 27' 3PT Running Jump Shot (6 PTS) (Tatum 1 AST),Made Shot,Running Jump Shot,1,3,109,0042300403
0042300403,148,PT00M08.60S,1,1610612742,DAL,1629029,Dončić,L. Dončić,-12,264,26,Missed,1,,,0,h,MISS Doncic 26' 3PT Step Back Jump Shot,Missed Shot,Step Back Jump shot,1,3,110,0042300403
0042300403,149,PT00M05.60S,1,1610612738,BOS,1628401,White,D. White,0,0,0,,0,,,0,v,White REBOUND (Off:0 Def:2),Rebound,Unknown,1,0,111,0042300403
0042300403,150,PT00M01.00S,1,1610612738,BOS,1628369,Tatum,J. Tatum,7,14,2,Made,1,31,30,61,v,Tatum 2' Dunk (13 PTS) (White 2 AST),Made Shot,Dunk Shot,1,2,112,0042300403
0042300403,152,PT00M00.00S,1,0,,0,,,0,0,0,,0,31,30,61,,End of 1st Period (9:06 PM EST),period,end,1,0,113,0042300403
0042300403,161,PT12M00.00S,2,0,,0,,,0,0,0,,0,31,30,61,,Start of 2nd Period (9:10 PM EST),period,start,0,0,114,0042300403
0042300403,162,PT11M45.00S,2,1610612738,BOS,201143,Horford,A. Horford,221,134,26,Missed,1,,,0,v,MISS Horford 26' 3PT Jump Shot,Missed Shot,Jump Shot,1,3,115,0042300403
0042300403,163,PT11M41.00S,2,1610612742,DAL,203501,Hardaway Jr.,T. Hardaway Jr.,0,0,0,,0,,,0,h,Hardaway Jr. REBOUND (Off:0 Def:1),Rebound,Unknown,1,0,116,0042300403
0042300403,164,PT11M30.00S,2,1610612742,DAL,203501,Hardaway Jr.,T. Hardaway Jr.,-168,236,29,Missed,1,,,0,h,MISS Hardaway Jr. 29' 3PT Jump Shot,Missed Shot,Jump Shot,1,3,117,0042300403
0042300403,165,PT11M26.00S,2,1610612738,BOS,201143,Horford,A. Horford,0,0,0,,0,,,0,v,Horford REBOUND (Off:0 Def:1),Rebound,Unknown,1,0,118,0042300403
0042300403,166,PT11M04.00S,2,1610612738,BOS,1627759,Brown,J. Brown,0,0,0,,0,,,0,v,Brown Lost Ball Turnover (P2.T3),Turnover,Lost Ball,1,0,119,0042300403
0042300403,166,PT11M04.00S,2,1610612742,DAL,1641726,Lively II,D. Lively II,0,0,0,,0,,,0,h,Lively II STEAL (1 STL),,,1,0,120,0042300403
0042300403,168,PT10M52.00S,2,1610612742,DAL,202681,Irving,K. Irving,-45,106,12,Missed,1,,,0,h,MISS Irving 12' Turnaround Fadeaway Shot,Missed Shot,Turnaround Fadeaway shot,1,2,121,0042300403
0042300403,169,PT10M50.00S,2,0,,1610612742,,,0,0,0,,0,,,0,h,MAVERICKS Rebound,Rebound,Unknown,0,0,122,0042300403
0042300403,171,PT10M37.00S,2,1610612742,DAL,1629029,Dončić,L. Dončić,146,44,15,Missed,1,,,0,h,MISS Doncic 15' Floating Jump Shot,Missed Shot,Floating Jump shot,1,2,123,0042300403
0042300403,172,PT10M36.00S,2,0,,1610612742,,,0,0,0,,0,,,0,h,MAVERICKS Rebound,Rebound,Unknown,0,0,124,0042300403
0042300403,173,PT10M36.00S,2,0,,1610612742,,,0,0,0,,0,,,0,h,MAVERICKS Turnover: Shot Clock (T#3),Turnover,Shot Clock Turnover,1,0,125,0042300403
0042300403,174,PT10M23.00S,2,1610612738,BOS,1628401,White,D. White,-163,190,25,Missed,1,,,0,v,MISS White 25' 3PT Pullup Jump Shot,Missed Shot,Pullup Jump shot,1,3,126,0042300403
0042300403,175,PT10M22.00S,2,0,,1610612742,,,0,0,0,,0,,,0,h,MAVERICKS Rebound,Rebound,Unknown,0,0,127,0042300403
0042300403,177,PT10M10.00S,2,1610612742,DAL,202681,Irving,K. Irving,0,0,0,,0,,,0,h,Irving Out of Bounds Lost Ball Turnover (P1.T4),Turnover,Out of Bounds Lost Ball Turnover,1,0,128,0042300403
0042300403,178,PT09M52.00S,2,1610612738,BOS,1627759,Brown,J. Brown,12,4,1,Made,1,31,32,63,v,Brown 1' Cutting Layup Shot (6 PTS) (Horford 1 AST),Made Shot,Cutting Layup Shot,1,2,129,0042300403
0042300403,180,PT09M37.00S,2,1610612738,BOS,1628401,White,D. White,0,0,0,,0,,,0,v,White P.FOUL (P1.T1) (K.Scott),Foul,Personal,1,0,130,0042300403
0042300403,182,PT09M37.00S,2,1610612738,BOS,1627759,Brown,J. Brown,0,0,0,,0,,,0,v,SUB: Holiday FOR Brown,Substitution,,0,0,131,0042300403
0042300403,183,PT09M37.00S,2,1610612738,BOS,1630573,Hauser,S. Hauser,0,0,0,,0,,,0,v,SUB: Tatum FOR Hauser,Substitution,,0,0,132,0042300403
0042300403,186,PT09M25.00S,2,1610612742,DAL,1629029,Dončić,L. Dončić,0,0,0,,0,,,0,h,Doncic Bad Pass Turnover (P2.T5),Turnover,Bad Pass,1,0,133,0042300403
0042300403,186,PT09M25.00S,2,1610612738,BOS,1628369,Tatum,J. Tatum,0,0,0,,0,,,0,v,Tatum STEAL (1 STL),,,1,0,134,0042300403
0042300403,188,PT09M19.00S,2,1610612738,BOS,1628401,White,D. White,44,92,10,Missed,1,,,0,v,MISS White 10' Pullup Jump Shot,Missed Shot,Pullup Jump shot,1,2,135,0042300403
0042300403,189,PT09M17.00S,2,1610612742,DAL,1627884,Jones Jr.,D. Jones Jr.,0,0,0,,0,,,0,h,Jones Jr. REBOUND (Off:0 Def:2),Rebound,Unknown,1,0,136,0042300403
0042300403,190,PT09M10.00S,2,1610612742,DAL,202681,Irving,K. Irving,-11,90,9,Made,1,33,32,65,h,Irving 9' Driving Floating Jump Shot (11 PTS),Made Shot,Driving Floating Jump Shot,1,2,137,0042300403
0042300403,191,PT08M52.00S,2,1610612738,BOS,1628401,White,D. White,203,159,26,Made,1,33,35,68,v,White 26' 3PT Jump Shot (3 PTS) (Holiday 1 AST),Made Shot,Jump Shot,1,3,138,0042300403
0042300403,193,PT08M32.00S,2,1610612742,DAL,1629029,Dončić,L. Dončić,18,117,12,Missed,1,,,0,h,MISS Doncic 12' Turnaround Fadeaway Shot,Missed Shot,Turnaround Fadeaway shot,1,2,139,0042300403
0042300403,194,PT08M29.00S,2,1610612738,BOS,1630202,Pritchard,P. Pritchard,0,0,0,,0,,,0,v,Pritchard REBOUND (Off:0 Def:1),Rebound,Unknown,1,0,140,0042300403
0042300403,195,PT08M16.00S,2,1610612738,BOS,1630202,Pritchard,P. Pritchard,-213,162,27,Missed,1,,,0,v,MISS Pritchard 27' 3PT Jump Shot,Missed Shot,Jump Shot,1,3,141,0042300403
0042300403,196,PT08M11.00S,2,1610612742,DAL,202681,Irving,K. Irving,0,0,0,,0,,,0,h,Irving REBOUND (Off:0 Def:2),Rebound,Unknown,1,0,142,0042300403
0042300403,197,PT08M06.00S,2,1610612742,DAL,1641726,Lively II,D. Lively II,7,13,1,Missed,1,,,0,h,MISS Lively II 1' Running Alley Oop Dunk Shot,Missed Shot,Running Alley Oop Dunk Shot,1,2,143,0042300403
0042300403,198,PT08M03.00S,2,1610612742,DAL,1627884,Jones Jr.,D. Jones Jr.,0,0,0,,0,,,0,h,Jones Jr. REBOUND (Off:1 Def:2),Rebound,Unknown,1,0,144,0042300403
0042300403,199,PT07M59.00S,2,1610612742,DAL,1629029,Dončić,L. Dončić,-18,75,8,Missed,1,,,0,h,MISS Doncic 8' Driving Floating Jump Shot,Missed Shot,Driving Floating Jump Shot,1,2,145,0042300403
0042300403,200,PT07M57.00S,2,0,,1610612738,,,0,0,0,,0,,,0,v,Celtics Rebound,Rebound,Unknown,0,0,146,0042300403
0042300403,202,PT07M57.00S,2,0,,1610612738,,,0,0,0,,0,,,0,v,Celtics Timeout: Regular (Reg.2 Short 0),Timeout,Regular,0,0,147,0042300403
0042300403,203,PT07M57.00S,2,0,,0,,,0,0,0,,0,33,35,68,,Instant Replay2nd Period (9:16 PM EST),Instant Replay,Coach Challenge Overturn Ruling,1,0,148,0042300403
0042300403,205,PT07M57.00S,2,1610612742,DAL,1641726,Lively II,D. Lively II,0,0,0,,0,,,0,h,SUB: Washington FOR Lively II,Substitution,,0,0,149,0042300403
0042300403,206,PT07M57.00S,2,1610612742,DAL,1627884,Jones Jr.,D. Jones Jr.,0,0,0,,0,,,0,h,SUB: Gafford FOR Jones Jr.,Substitution,,0,0,150,0042300403
0042300403,207,PT07M57.00S,2,1610612738,BOS,201143,Horford,A. Horford,0,0,0,,0,,,0,v,SUB: Tillman FOR Horford,Substitution,,0,0,151,0042300403
0042300403,211,PT07M33.00S,2,1610612738,BOS,1628369,Tatum,J. Tatum,-23,78,8,Missed,1,,,0,v,MISS Tatum 8' Driving Floating Jump Shot,Missed Shot,Driving Floating Jump Shot,1,2,152,0042300403
0042300403,212,PT07M31.00S,2,1610612742,DAL,1629655,Gafford,D. Gafford,0,0,0,,0,,,0,h,Gafford REBOUND (Off:0 Def:2),Rebound,Unknown,1,0,153,0042300403
0042300403,213,PT07M18.00S,2,1610612742,DAL,1629029,Dončić,L. Dončić,15,21,3,Missed,1,,,0,h,MISS Doncic 3' Driving Layup,Missed Shot,Driving Layup Shot,1,2,154,0042300403
0042300403,213,PT07M18.00S,2,1610612738,BOS,1630214,Tillman,X. Tillman,0,0,0,,0,,,0,v,Tillman BLOCK (1 BLK),,,1,2,155,0042300403
0042300403,215,PT07M17.00S,2,0,,1610612738,,,0,0,0,,0,,,0,v,Celtics Rebound,Rebound,Unknown,0,0,156,0042300403
0042300403,216,PT07M17.00S,2,1610612742,DAL,1629655,Gafford,D. Gafford,0,0,0,,0,,,0,h,Gafford L.B.FOUL (P1.T1) (J.Capers),Foul,Loose Ball,1,0,157,0042300403
0042300403,218,PT07M04.00S,2,1610612738,BOS,1630214,Tillman,X. Tillman,0,0,0,,0,,,0,v,Tillman OFF.Foul (P2) (M.Davis),Foul,Offensive,1,0,158,0042300403
0042300403,220,PT07M04.00S,2,1610612738,BOS,1630214,Tillman,X. Tillman,0,0,0,,0,,,0,v,Tillman Offensive Foul Turnover (P1.T4),Turnover,Offensive Foul Turnover,1,0,159,0042300403
0042300403,221,PT07M04.00S,2,1610612742,DAL,1629029,Dončić,L. Dončić,0,0,0,,0,,,0,h,SUB: Green FOR Doncic,Substitution,,0,0,160,0042300403
0042300403,223,PT06M44.00S,2,1610612742,DAL,202681,Irving,K. Irving,-7,81,8,Missed,1,,,0,h,MISS Irving 8' Driving Hook Shot,Missed Shot,Driving Hook Shot,1,2,161,0042300403
0042300403,224,PT06M40.00S,2,1610612738,BOS,1628369,Tatum,J. Tatum,0,0,0,,0,,,0,v,Tatum REBOUND (Off:0 Def:3),Rebound,Unknown,1,0,162,0042300403
0042300403,225,PT06M28.00S,2,1610612738,BOS,201950,Holiday,J. Holiday,45,19,5,Missed,1,,,0,v,MISS Holiday 5' Driving Layup,Missed Shot,Driving Layup Shot,1,2,163,0042300403
0042300403,226,PT06M26.00S,2,1610612742,DAL,1629023,Washington,P. Washington,0,0,0,,0,,,0,h,Washington REBOUND (Off:0 Def:3),Rebound,Unknown,1,0,164,0042300403
0042300403,227,PT06M13.00S,2,1610612742,DAL,202681,Irving,K. Irving,229,54,24,Made,1,36,35,71,h,Irving 24' 3PT Jump Shot (14 PTS) (Green 1 AST),Made Shot,Jump Shot,1,3,165,0042300403
0042300403,229,PT05M59.00S,2,1610612738,BOS,1628369,Tatum,J. Tatum,-6,281,28,Made,1,36,38,74,v,Tatum 28' 3PT Pullup Jump Shot (16 PTS),Made Shot,Pullup Jump shot,1,3,166,0042300403
0042300403,230,PT05M39.00S,2,1610612742,DAL,1629655,Gafford,D. Gafford,-4,8,1,Made,1,38,38,76,h,Gafford 1' Cutting Dunk Shot (4 PTS) (Irving 1 AST),Made Shot,Cutting Dunk Shot,1,2,167,0042300403
0042300403,232,PT05M18.00S,2,1610612738,BOS,1628369,Tatum,J. Tatum,-9,8,1,Made,1,38,40,78,v,Tatum 1' Driving Reverse Layup (18 PTS),Made Shot,Driving Reverse Layup Shot,1,2,168,0042300403
0042300403,233,PT05M01.00S,2,1610612742,DAL,1629023,Washington,P. Washington,9,62,6,Missed,1,,,0,h,MISS Washington 6' Driving Floating Jump Shot,Missed Shot,Driving Floating Jump Shot,1,2,169,0042300403
0042300403,234,PT04M57.00S,2,1610612738,BOS,1628369,Tatum,J. Tatum,0,0,0,,0,,,0,v,Tatum REBOUND (Off:0 Def:4),Rebound,Unknown,1,0,170,0042300403
0042300403,235,PT04M52.00S,2,1610612738,BOS,1630202,Pritchard,P. Pritchard,-223,5,0,Missed,1,,,0,v,MISS Pritchard 3PT Jump Shot,Missed Shot,Jump Shot,1,3,171,0042300403
0042300403,236,PT04M48.00S,2,1610612738,BOS,1630214,Tillman,X. Tillman,0,0,0,,0,,,0,v,Tillman REBOUND (Off:1 Def:0),Rebound,Unknown,1,0,172,0042300403
0042300403,237,PT04M41.00S,2,1610612738,BOS,1628369,Tatum,J. Tatum,-134,222,26,Missed,1,,,0,v,MISS Tatum 26' 3PT Step Back Jump Shot,Missed Shot,Step Back Jump shot,1,3,173,0042300403
0042300403,238,PT04M36.00S,2,1610612742,DAL,203501,Hardaway Jr.,T. Hardaway Jr.,0,0,0,,0,,,0,h,Hardaway Jr. REBOUND (Off:0 Def:2),Rebound,Unknown,1,0,174,0042300403
0042300403,239,PT04M26.00S,2,1610612738,BOS,1630202,Pritchard,P. Pritchard,0,0,0,,0,,,0,v,Pritchard P.FOUL (P1.T2) (M.Davis),Foul,Personal,1,0,175,0042300403
0042300403,241,PT04M26.00S,2,1610612742,DAL,203501,Hardaway Jr.,T. Hardaway Jr.,0,0,0,,0,,,0,h,SUB: Doncic FOR Hardaway Jr.,Substitution,,0,0,176,0042300403
0042300403,242,PT04M26.00S,2,1610612742,DAL,1629655,Gafford,D. Gafford,0,0,0,,0,,,0,h,SUB: Lively II FOR Gafford,Substitution,,0,0,177,0042300403
0042300403,243,PT04M26.00S,2,1610612738,BOS,1628401,White,D. White,0,0,0,,0,,,0,v,SUB: Horford FOR White,Substitution,,0,0,178,0042300403
0042300403,244,PT04M26.00S,2,1610612738,BOS,1630202,Pritchard,P. Pritchard,0,0,0,,0,,,0,v,SUB: Brown FOR Pritchard,Substitution,,0,0,179,0042300403
0042300403,245,PT04M26.00S,2,1610612738,BOS,1630214,Tillman,X. Tillman,0,0,0,,0,,,0,v,SUB: Hauser FOR Tillman,Substitution,,0,0,180,0042300403
0042300403,251,PT04M15.00S,2,1610612742,DAL,202681,Irving,K. Irving,148,216,26,Made,1,41,40,81,h,Irving 26' 3PT Step Back Jump Shot (17 PTS),Made Shot,Step Back Jump shot,1,3,181,0042300403
0042300403,252,PT03M59.00S,2,1610612738,BOS,1627759,Brown,J. Brown,141,279,31,Missed,1,,,0,v,MISS Brown 31' 3PT Jump Shot,Missed Shot,Jump Shot,1,3,182,0042300403
0042300403,253,PT03M56.00S,2,1610612742,DAL,202681,Irving,K. Irving,0,0,0,,0,,,0,h,Irving REBOUND (Off:0 Def:3),Rebound,Unknown,1,0,183,0042300403
0042300403,254,PT03M49.00S,2,1610612742,DAL,1629023,Washington,P. Washington,180,178,25,Missed,1,,,0,h,MISS Washington 25' 3PT Jump Shot,Missed Shot,Jump Shot,1,3,184,0042300403
0042300403,255,PT03M45.00S,2,1610612742,DAL,1630182,Green,J. Green,0,0,0,,0,,,0,h,Green REBOUND (Off:1 Def:0),Rebound,Unknown,1,0,185,0042300403
0042300403,256,PT03M41.00S,2,1610612742,DAL,202681,Irving,K. Irving,-190,185,27,Made,1,44,40,84,h,Irving 27' 3PT Step Back Jump Shot (20 PTS),Made Shot,Step Back Jump shot,1,3,186,0042300403
0042300403,257,PT03M25.00S,2,1610612738,BOS,1630573,Hauser,S. Hauser,-223,-15,0,Made,1,44,43,87,v,Hauser 3PT Jump Shot (9 PTS) (Tatum 2 AST),Made Shot,Jump Shot,1,3,187,0042300403
0042300403,259,PT03M08.00S,2,1610612742,DAL,1629029,Dončić,L. Dončić,-23,68,7,Made,1,46,43,89,h,Doncic 7' Fadeaway Jumper (15 PTS),Made Shot,Fadeaway Jump Shot,1,2,188,0042300403
0042300403,260,PT02M46.00S,2,1610612738,BOS,1628369,Tatum,J. Tatum,10,32,3,Missed,1,,,0,v,MISS Tatum 3' Driving Layup,Missed Shot,Driving Layup Shot,1,2,189,0042300403
0042300403,261,PT02M44.00S,2,1610612738,BOS,201950,Holiday,J. Holiday,0,0,0,,0,,,0,v,Holiday REBOUND (Off:2 Def:0),Rebound,Unknown,1,0,190,0042300403
0042300403,262,PT02M43.00S,2,1610612738,BOS,201143,Horford,A. Horford,159,210,26,Missed,1,,,0,v,MISS Horford 26' 3PT Jump Shot,Missed Shot,Jump Shot,1,3,191,0042300403
0042300403,263,PT02M40.00S,2,1610612738,BOS,201950,Holiday,J. Holiday,0,0,0,,0,,,0,v,Holiday REBOUND (Off:3 Def:0),Rebound,Unknown,1,0,192,0042300403
0042300403,264,PT02M39.00S,2,1610612738,BOS,201950,Holiday,J. Holiday,32,15,4,Made,1,46,45,91,v,Holiday 4' Putback Layup (4 PTS),Made Shot,Putback Layup Shot,1,2,193,0042300403
0042300403,265,PT02M29.00S,2,1610612738,BOS,201950,Holiday,J. Holiday,0,0,0,,0,,,0,v,Holiday P.FOUL (P1.T3) (K.Scott),Foul,Personal,1,0,194,0042300403
0042300403,267,PT02M29.00S,2,0,,1610612742,,,0,0,0,,0,,,0,h,MAVERICKS Timeout: Regular (Full 2 Short 0),Timeout,Regular,0,0,195,0042300403
0042300403,268,PT02M29.00S,2,1610612738,BOS,1630573,Hauser,S. Hauser,0,0,0,,0,,,0,v,SUB: White FOR Hauser,Substitution,,0,0,196,0042300403
0042300403,270,PT02M13.00S,2,1610612742,DAL,1629029,Dončić,L. Dončić,76,86,11,Made,1,48,45,93,h,Doncic 11' Pullup Jump Shot (17 PTS),Made Shot,Pullup Jump shot,1,2,197,0042300403
0042300403,271,PT01M51.00S,2,1610612738,BOS,1628369,Tatum,J. Tatum,-224,-13,0,Missed,1,,,0,v,MISS Tatum 3PT Jump Shot,Missed Shot,Jump Shot,1,3,198,0042300403
0042300403,272,PT01M51.00S,2,1610612742,DAL,1641726,Lively II,D. Lively II,0,0,0,,0,,,0,h,Lively II REBOUND (Off:0 Def:3),Rebound,Unknown,1,0,199,0042300403
0042300403,273,PT01M40.00S,2,1610612742,DAL,202681,Irving,K. Irving,2,23,2,Missed,1,,,0,h,MISS Irving 2' Driving Finger Roll Layup,Missed Shot,Driving Finger Roll Layup Shot,1,2,200,0042300403
0042300403,274,PT01M40.00S,2,1610612738,BOS,1627759,Brown,J. Brown,0,0,0,,0,,,0,v,Brown REBOUND (Off:0 Def:3),Rebound,Unknown,1,0,201,0042300403
0042300403,275,PT01M32.00S,2,1610612738,BOS,201143,Horford,A. Horford,-224,5,0,Made,1,48,48,96,v,Horford 3PT Running Jump Shot (8 PTS) (Holiday 2 AST),Made Shot,Running Jump Shot,1,3,202,0042300403
0042300403,277,PT01M14.00S,2,1610612742,DAL,1641726,Lively II,D. Lively II,6,12,1,Made,1,50,48,98,h,Lively II 1' Cutting Dunk Shot (5 PTS) (Washington 2 AST),Made Shot,Cutting Dunk Shot,1,2,203,0042300403
0042300403,279,PT00M50.30S,2,1610612738,BOS,1628401,White,D. White,-222,-13,0,Missed,1,,,0,v,MISS White 3PT Jump Shot,Missed Shot,Jump Shot,1,3,204,0042300403
0042300403,280,PT00M49.10S,2,0,,1610612742,,,0,0,0,,0,,,0,h,MAVERICKS Rebound,Rebound,Unknown,0,0,205,0042300403
0042300403,281,PT00M49.10S,2,1610612738,BOS,1627759,Brown,J. Brown,0,0,0,,0,,,0,v,Brown L.B.FOUL (P2.T4) (J.Capers),Foul,Loose Ball,1,0,206,0042300403
0042300403,283,PT00M49.10S,2,1610612742,DAL,1630182,Green,J. Green,0,0,0,,0,,,0,h,SUB: Hardaway Jr. FOR Green,Substitution,,0,0,207,0042300403
0042300403,285,PT00M36.80S,2,1610612742,DAL,1629023,Washington,P. Washington,0,0,0,,0,,,0,h,Washington Lost Ball Turnover (P1.T6),Turnover,Lost Ball,1,0,208,0042300403
0042300403,285,PT00M36.80S,2,1610612738,BOS,201143,Horford,A. Horford,0,0,0,,0,,,0,v,Horford STEAL (2 STL),,,1,0,209,0042300403
0042300403,287,PT00M33.20S,2,1610612738,BOS,1628369,Tatum,J. Tatum,11,24,3,Made,1,50,50,100,v,Tatum 3' Running Layup (20 PTS) (Brown 5 AST),Made Shot,Running Layup Shot,1,2,210,0042300403
0042300403,290,PT00M15.60S,2,1610612742,DAL,1629029,Dončić,L. Dončić,135,236,27,Missed,1,,,0,h,MISS Doncic 27' 3PT Step Back Jump Shot,Missed Shot,Step Back Jump shot,1,3,211,0042300403
0042300403,291,PT00M12.00S,2,1610612742,DAL,1629023,Washington,P. Washington,0,0,0,,0,,,0,h,Washington REBOUND (Off:1 Def:3),Rebound,Unknown,1,0,212,0042300403
0042300403,292,PT00M09.50S,2,1610612738,BOS,201950,Holiday,J. Holiday,0,0,0,,0,,,0,v,Holiday S.FOUL (P2.PN) (J.Capers),Foul,Shooting,1,0,213,0042300403
0042300403,294,PT00M09.50S,2,1610612742,DAL,1629023,Washington,P. Washington,0,0,0,,0,,,0,h,MISS Washington Free Throw 1 of 2,Free Throw,Free Throw 1 of 2,1,0,214,0042300403
0042300403,295,PT00M09.50S,2,0,,1610612742,,,0,0,0,,0,,,0,h,MAVERICKS Rebound,Rebound,Normal Rebound,0,0,215,0042300403
0042300403,296,PT00M09.50S,2,1610612742,DAL,202681,Irving,K. Irving,0,0,0,,0,,,0,h,SUB: Kleber FOR Irving,Substitution,,0,0,216,0042300403
0042300403,297,PT00M09.50S,2,1610612742,DAL,1629029,Dončić,L. Dončić,0,0,0,,0,,,0,h,SUB: Jones Jr. FOR Doncic,Substitution,,0,0,217,0042300403
0042300403,298,PT00M09.50S,2,1610612742,DAL,203501,Hardaway Jr.,T. Hardaway Jr.,0,0,0,,0,,,0,h,SUB: Green FOR Hardaway Jr.,Substitution,,0,0,218,0042300403
0042300403,302,PT00M09.50S,2,1610612742,DAL,1629023,Washington,P. Washington,0,0,0,,0,51,50,101,h,Washington Free Throw 2 of 2 (1 PTS),Free Throw,Free Throw 2 of 2,1,0,219,0042300403
0042300403,303,PT00M05.40S,2,1610612738,BOS,1628369,Tatum,J. Tatum,102,247,27,Missed,1,,,0,v,MISS Tatum 27' 3PT Step Back Jump Shot,Missed Shot,Step Back Jump shot,1,3,220,0042300403
0042300403,304,PT00M01.80S,2,1610612742,DAL,1629023,Washington,P. Washington,0,0,0,,0,,,0,h,Washington REBOUND (Off:1 Def:4),Rebound,Unknown,1,0,221,0042300403
0042300403,305,PT00M00.00S,2,0,,0,,,0,0,0,,0,51,50,101,,End of 2nd Period (9:35 PM EST),period,end,1,0,222,0042300403
0042300403,312,PT12M00.00S,3,0,,0,,,0,0,0,,0,51,50,101,,Start of 3rd Period (9:51 PM EST),period,start,0,0,223,0042300403
0042300403,313,PT11M42.00S,3,1610612738,BOS,1627759,Brown,J. Brown,-34,116,12,Made,1,51,52,103,v,Brown 12' Pullup Jump Shot (8 PTS),Made Shot,Pullup Jump shot,1,2,224,0042300403
0042300403,314,PT11M25.00S,3,1610612742,DAL,1629029,Dončić,L. Dončić,18,17,2,Made,1,53,52,105,h,Doncic 2' Driving Layup (19 PTS),Made Shot,Driving Layup Shot,1,2,225,0042300403
0042300403,315,PT11M06.00S,3,1610612738,BOS,201950,Holiday,J. Holiday,-12,23,3,Made,1,53,54,107,v,Holiday 3' Cutting Layup Shot (6 PTS) (White 3 AST),Made Shot,Cutting Layup Shot,1,2,226,0042300403
0042300403,317,PT10M52.00S,3,1610612742,DAL,202681,Irving,K. Irving,-11,24,3,Missed,1,,,0,h,MISS Irving 3' Driving Layup,Missed Shot,Driving Layup Shot,1,2,227,0042300403
0042300403,318,PT10M48.00S,3,1610612742,DAL,1629655,Gafford,D. Gafford,0,0,0,,0,,,0,h,Gafford REBOUND (Off:1 Def:2),Rebound,Unknown,1,0,228,0042300403
0042300403,319,PT10M48.00S,3,1610612742,DAL,1629655,Gafford,D. Gafford,0,0,0,Made,1,55,54,109,h,Gafford Tip Dunk Shot (6 PTS),Made Shot,Tip Dunk Shot,1,2,229,0042300403
0042300403,320,PT10M30.00S,3,1610612738,BOS,1628369,Tatum,J. Tatum,-13,26,3,Made,1,55,56,111,v,Tatum 3' Cutting Layup Shot (22 PTS) (Brown 6 AST),Made Shot,Cutting Layup Shot,1,2,230,0042300403
0042300403,322,PT10M06.00S,3,1610612738,BOS,1628401,White,D. White,0,0,0,,0,,,0,v,White S.FOUL (P2.T1) (M.Davis),Foul,Shooting,1,0,231,0042300403
0042300403,324,PT10M06.00S,3,1610612742,DAL,1629029,Dončić,L. Dončić,0,0,0,,0,56,56,112,h,Doncic Free Throw 1 of 2 (20 PTS),Free Throw,Free Throw 1 of 2,1,0,232,0042300403
0042300403,325,PT10M06.00S,3,1610612742,DAL,1629029,Dončić,L. Dončić,0,0,0,,0,57,56,113,h,Doncic Free Throw 2 of 2 (21 PTS),Free Throw,Free Throw 2 of 2,0,0,233,0042300403
0042300403,326,PT09M52.00S,3,1610612738,BOS,1627759,Brown,J. Brown,16,86,9,Made,1,57,58,115,v,Brown 9' Driving Floating Jump Shot (10 PTS),Made Shot,Driving Floating Jump Shot,1,2,234,0042300403
0042300403,327,PT09M33.00S,3,1610612742,DAL,202681,Irving,K. Irving,40,110,12,Made,1,59,58,117,h,Irving 12' Driving Floating Jump Shot (22 PTS) (Jones Jr. 1 AST),Made Shot,Driving Floating Jump Shot,1,2,235,0042300403
0042300403,329,PT09M20.00S,3,1610612738,BOS,201950,Holiday,J. Holiday,-201,180,27,Made,1,59,61,120,v,Holiday 27' 3PT Pullup Jump Shot (9 PTS),Made Shot,Pullup Jump shot,1,3,236,0042300403
0042300403,331,PT08M59.00S,3,1610612742,DAL,202681,Irving,K. Irving,0,0,0,,0,,,0,h,Irving Bad Pass Turnover (P2.T7),Turnover,Bad Pass,1,0,237,0042300403
0042300403,331,PT08M59.00S,3,1610612738,BOS,201950,Holiday,J. Holiday,0,0,0,,0,,,0,v,Holiday STEAL (1 STL),,,1,0,238,0042300403
0042300403,333,PT08M45.00S,3,1610612738,BOS,1628369,Tatum,J. Tatum,-126,238,27,Made,1,59,64,123,v,Tatum 27' 3PT Jump Shot (25 PTS) (Brown 7 AST),Made Shot,Jump Shot,1,3,239,0042300403
0042300403,335,PT08M44.00S,3,0,,1610612742,,,0,0,0,,0,,,0,h,MAVERICKS Timeout: Regular (Full 3 Short 0),Timeout,Regular,0,0,240,0042300403
0042300403,336,PT08M44.00S,3,1610612742,DAL,1627884,Jones Jr.,D. Jones Jr.,0,0,0,,0,,,0,h,SUB: Lively II FOR Jones Jr.,Substitution,,0,0,241,0042300403
0042300403,337,PT08M44.00S,3,1610612742,DAL,1629655,Gafford,D. Gafford,0,0,0,,0,,,0,h,SUB: Hardaway Jr. FOR Gafford,Substitution,,0,0,242,0042300403
0042300403,340,PT08M25.00S,3,1610612738,BOS,1628369,Tatum,J. Tatum,0,0,0,,0,,,0,v,Tatum P.FOUL (P2.T2) (J.Capers),Foul,Personal,1,0,243,0042300403
0042300403,342,PT08M19.00S,3,1610612742,DAL,1629029,Dončić,L. Dončić,-1,87,9,Missed,1,,,0,h,MISS Doncic 9' Driving Floating Jump Shot,Missed Shot,Driving Floating Jump Shot,1,2,244,0042300403
0042300403,343,PT08M16.00S,3,1610612738,BOS,201143,Horford,A. Horford,0,0,0,,0,,,0,v,Horford REBOUND (Off:0 Def:2),Rebound,Unknown,1,0,245,0042300403
0042300403,344,PT08M16.00S,3,1610612742,DAL,1629029,Dončić,L. Dončić,0,0,0,,0,,,0,h,Doncic P.FOUL (P2.T1) (M.Davis),Foul,Personal,1,0,246,0042300403
0042300403,346,PT08M07.00S,3,1610612738,BOS,1627759,Brown,J. Brown,-11,16,2,Made,1,59,66,125,v,Brown 2' Cutting Dunk Shot (12 PTS) (Tatum 3 AST),Made Shot,Cutting Dunk Shot,1,2,247,0042300403
0042300403,348,PT07M48.00S,3,1610612742,DAL,202681,Irving,K. Irving,-7,88,9,Made,1,61,66,127,h,Irving 9' Pullup Jump Shot (24 PTS),Made Shot,Pullup Jump shot,1,2,248,0042300403
0042300403,349,PT07M27.00S,3,1610612738,BOS,1628369,Tatum,J. Tatum,-230,-13,0,Missed,1,,,0,v,MISS Tatum 3PT Jump Shot,Missed Shot,Jump Shot,1,3,249,0042300403
0042300403,350,PT07M24.00S,3,1610612742,DAL,1629023,Washington,P. Washington,0,0,0,,0,,,0,h,Washington REBOUND (Off:1 Def:5),Rebound,Unknown,1,0,250,0042300403
0042300403,351,PT07M17.00S,3,1610612742,DAL,203501,Hardaway Jr.,T. Hardaway Jr.,-39,241,24,Missed,1,,,0,h,MISS Hardaway Jr. 24' 3PT Jump Shot,Missed Shot,Jump Shot,1,3,251,0042300403
0042300403,352,PT07M14.00S,3,1610612738,BOS,201143,Horford,A. Horford,0,0,0,,0,,,0,v,Horford REBOUND (Off:0 Def:3),Rebound,Unknown,1,0,252,0042300403
0042300403,353,PT06M59.00S,3,1610612738,BOS,1627759,Brown,J. Brown,230,4,0,Made,1,61,69,130,v,Brown 3PT Jump Shot (15 PTS) (Horford 2 AST),Made Shot,Jump Shot,1,3,253,0042300403
0042300403,355,PT06M41.00S,3,1610612742,DAL,1629029,Dončić,L. Dončić,10,25,3,Missed,1,,,0,h,MISS Doncic 3' Layup,Missed Shot,Layup Shot,1,2,254,0042300403
0042300403,356,PT06M38.00S,3,1610612738,BOS,201950,Holiday,J. Holiday,0,0,0,,0,,,0,v,Holiday REBOUND (Off:3 Def:1),Rebound,Unknown,1,0,255,0042300403
0042300403,357,PT06M34.00S,3,1610612742,DAL,1629023,Washington,P. Washington,0,0,0,,0,,,0,h,Washington P.FOUL (P1.T2) (K.Scott),Foul,Personal,1,0,256,0042300403
0042300403,359,PT06M34.00S,3,1610612738,BOS,201143,Horford,A. Horford,0,0,0,,0,,,0,v,SUB: Tillman FOR Horford,Substitution,,0,0,257,0042300403
0042300403,361,PT06M22.00S,3,1610612738,BOS,1628369,Tatum,J. Tatum,-230,25,0,Missed,1,,,0,v,MISS Tatum 3PT Step Back Jump Shot,Missed Shot,Step Back Jump shot,1,3,258,0042300403
0042300403,362,PT06M19.00S,3,1610612742,DAL,1641726,Lively II,D. Lively II,0,0,0,,0,,,0,h,Lively II REBOUND (Off:0 Def:4),Rebound,Unknown,1,0,259,0042300403
0042300403,363,PT06M14.00S,3,1610612742,DAL,203501,Hardaway Jr.,T. Hardaway Jr.,-13,27,3,Missed,1,,,0,h,MISS Hardaway Jr. 3' Running Layup,Missed Shot,Running Layup Shot,1,2,260,0042300403
0042300403,363,PT06M14.00S,3,1610612738,BOS,1628401,White,D. White,0,0,0,,0,,,0,v,White BLOCK (1 BLK),,,1,2,261,0042300403
0042300403,365,PT06M11.00S,3,1610612738,BOS,1630214,Tillman,X. Tillman,0,0,0,,0,,,0,v,Tillman REBOUND (Off:1 Def:1),Rebound,Unknown,1,0,262,0042300403
0042300403,366,PT06M09.00S,3,1610612738,BOS,1628369,Tatum,J. Tatum,-6,11,1,Made,1,61,71,132,v,Tatum 1' Running Dunk (27 PTS) (Holiday 3 AST),Made Shot,Running Dunk Shot,1,2,263,0042300403
0042300403,368,PT05M52.00S,3,1610612742,DAL,1629029,Dončić,L. Dončić,20,17,3,Made,1,63,71,134,h,Doncic 3' Driving Layup (23 PTS),Made Shot,Driving Layup Shot,1,2,264,0042300403
0042300403,369,PT05M32.00S,3,1610612738,BOS,1628369,Tatum,J. Tatum,-124,252,28,Missed,1,,,0,v,MISS Tatum 28' 3PT Jump Shot,Missed Shot,Jump Shot,1,3,265,0042300403
0042300403,370,PT05M29.00S,3,1610612742,DAL,1629029,Dončić,L. Dončić,0,0,0,,0,,,0,h,Doncic REBOUND (Off:0 Def:4),Rebound,Unknown,0,0,266,0042300403
0042300403,372,PT05M29.00S,3,1610612742,DAL,1629023,Washington,P. Washington,0,0,0,,0,,,0,h,SUB: Kleber FOR Washington,Substitution,,0,0,267,0042300403
0042300403,373,PT05M29.00S,3,1610612738,BOS,1628401,White,D. White,0,0,0,,0,,,0,v,SUB: Hauser FOR White,Substitution,,0,0,268,0042300403
0042300403,377,PT05M18.00S,3,1610612742,DAL,202681,Irving,K. Irving,43,38,6,Missed,1,,,0,h,MISS Irving 6' Driving Floating Bank Jump Shot,Missed Shot,Driving Floating Bank Jump Shot,1,2,269,0042300403
0042300403,378,PT05M15.00S,3,1610612742,DAL,1641726,Lively II,D. Lively II,0,0,0,,0,,,0,h,Lively II REBOUND (Off:1 Def:4),Rebound,Unknown,1,0,270,0042300403
0042300403,379,PT05M11.00S,3,1610612742,DAL,1629029,Dončić,L. Dončić,4,5,1,Made,1,65,71,136,h,Doncic 1' Driving Reverse Layup (25 PTS) (Lively II 1 AST),Made Shot,Driving Reverse Layup Shot,1,2,271,0042300403
0042300403,380,PT04M49.00S,3,1610612738,BOS,1627759,Brown,J. Brown,229,60,24,Missed,1,,,0,v,MISS Brown 24' 3PT Jump Shot,Missed Shot,Jump Shot,1,3,272,0042300403
0042300403,381,PT04M47.00S,3,1610612742,DAL,1641726,Lively II,D. Lively II,0,0,0,,0,,,0,h,Lively II REBOUND (Off:1 Def:5),Rebound,Unknown,1,0,273,0042300403
0042300403,382,PT04M32.00S,3,1610612742,DAL,202681,Irving,K. Irving,-43,124,13,Missed,1,,,0,h,MISS Irving 13' Pullup Jump Shot,Missed Shot,Pullup Jump shot,1,2,274,0042300403
0042300403,383,PT04M30.00S,3,0,,1610612738,,,0,0,0,,0,,,0,v,Celtics Rebound,Rebound,Unknown,0,0,275,0042300403
0042300403,385,PT04M22.00S,3,1610612742,DAL,202681,Irving,K. Irving,0,0,0,,0,,,0,h,Irving P.FOUL (P2.T3) (K.Scott),Foul,Personal,1,0,276,0042300403
0042300403,387,PT04M12.00S,3,1610612738,BOS,1627759,Brown,J. Brown,-120,111,16,Missed,1,,,0,v,MISS Brown 16' Driving Floating Bank Jump Shot,Missed Shot,Driving Floating Bank Jump Shot,1,2,277,0042300403
0042300403,388,PT04M09.00S,3,1610612742,DAL,1641726,Lively II,D. Lively II,0,0,0,,0,,,0,h,Lively II REBOUND (Off:1 Def:6),Rebound,Unknown,1,0,278,0042300403
0042300403,389,PT03M50.00S,3,1610612742,DAL,1629029,Dončić,L. Dončić,37,41,6,Missed,1,,,0,h,MISS Doncic 6' Driving Floating Jump Shot,Missed Shot,Driving Floating Jump Shot,1,2,279,0042300403
0042300403,389,PT03M50.00S,3,1610612738,BOS,1630214,Tillman,X. Tillman,0,0,0,,0,,,0,v,Tillman BLOCK (2 BLK),,,1,2,280,0042300403
0042300403,390,PT03M50.00S,3,1610612738,BOS,1630214,Tillman,X. Tillman,0,0,0,,0,,,0,v,Tillman REBOUND (Off:1 Def:2),Rebound,Unknown,1,0,281,0042300403
0042300403,391,PT03M50.00S,3,0,,1610612738,,,0,0,0,,0,,,0,v,Celtics Timeout: Regular (Reg.3 Short 0),Timeout,Regular,0,0,282,0042300403
0042300403,393,PT03M50.00S,3,1610612742,DAL,1641726,Lively II,D. Lively II,0,0,0,,0,,,0,h,SUB: Green FOR Lively II,Substitution,,0,0,283,0042300403
0042300403,394,PT03M50.00S,3,1610612742,DAL,1629029,Dončić,L. Dončić,0,0,0,,0,,,0,h,SUB: Gafford FOR Doncic,Substitution,,0,0,284,0042300403
0042300403,395,PT03M50.00S,3,1610612738,BOS,1628369,Tatum,J. Tatum,0,0,0,,0,,,0,v,SUB: White FOR Tatum,Substitution,,0,0,285,0042300403
0042300403,399,PT03M34.00S,3,1610612738,BOS,1627759,Brown,J. Brown,217,120,25,Missed,1,,,0,v,MISS Brown 25' 3PT Jump Shot,Missed Shot,Jump Shot,1,3,286,0042300403
0042300403,400,PT03M31.00S,3,1610612738,BOS,1630573,Hauser,S. Hauser,0,0,0,,0,,,0,v,Hauser REBOUND (Off:1 Def:2),Rebound,Unknown,1,0,287,0042300403
0042300403,401,PT03M24.00S,3,1610612742,DAL,1629655,Gafford,D. Gafford,0,0,0,,0,,,0,h,Gafford S.FOUL (P2.T4) (J.Capers),Foul,Shooting,1,0,288,0042300403
0042300403,403,PT03M24.00S,3,1610612738,BOS,1627759,Brown,J. Brown,0,0,0,,0,65,72,137,v,Brown Free Throw 1 of 2 (16 PTS),Free Throw,Free Throw 1 of 2,1,0,289,0042300403
0042300403,404,PT03M24.00S,3,1610612738,BOS,1627759,Brown,J. Brown,0,0,0,,0,65,73,138,v,Brown Free Throw 2 of 2 (17 PTS),Free Throw,Free Throw 2 of 2,1,0,290,0042300403
0042300403,405,PT03M00.00S,3,1610612742,DAL,1628467,Kleber,M. Kleber,21,55,6,Missed,1,,,0,h,MISS Kleber 6' Driving Floating Bank Jump Shot,Missed Shot,Driving Floating Bank Jump Shot,1,2,291,0042300403
0042300403,406,PT02M56.00S,3,1610612738,BOS,1630214,Tillman,X. Tillman,0,0,0,,0,,,0,v,Tillman REBOUND (Off:1 Def:3),Rebound,Unknown,1,0,292,0042300403
0042300403,407,PT02M48.00S,3,1610612738,BOS,1627759,Brown,J. Brown,113,155,19,Made,1,65,75,140,v,Brown 19' Step Back Jump Shot (19 PTS) (Holiday 4 AST),Made Shot,Step Back Jump shot,1,2,293,0042300403
0042300403,409,PT02M32.00S,3,1610612742,DAL,203501,Hardaway Jr.,T. Hardaway Jr.,172,24,17,Missed,1,,,0,h,MISS Hardaway Jr. 17' Step Back Jump Shot,Missed Shot,Step Back Jump shot,1,2,294,0042300403
0042300403,410,PT02M29.00S,3,1610612738,BOS,1628401,White,D. White,0,0,0,,0,,,0,v,White REBOUND (Off:0 Def:3),Rebound,Unknown,1,0,295,0042300403
0042300403,411,PT02M14.00S,3,1610612738,BOS,1630214,Tillman,X. Tillman,227,13,0,Made,1,65,78,143,v,Tillman 3PT Jump Shot (3 PTS) (Brown 8 AST),Made Shot,Jump Shot,1,3,296,0042300403
0042300403,413,PT01M49.00S,3,1610612742,DAL,202681,Irving,K. Irving,185,117,22,Made,1,67,78,145,h,Irving 22' Pullup Jump Shot (26 PTS) (Gafford 1 AST),Made Shot,Pullup Jump shot,1,2,297,0042300403
0042300403,415,PT01M44.00S,3,1610612742,DAL,1630182,Green,J. Green,0,0,0,,0,,,0,h,Green P.FOUL (P1.PN) (K.Scott),Foul,Personal,1,0,298,0042300403
0042300403,417,PT01M44.00S,3,1610612738,BOS,1628401,White,D. White,0,0,0,,0,67,79,146,v,White Free Throw 1 of 2 (4 PTS),Free Throw,Free Throw 1 of 2,1,0,299,0042300403
0042300403,419,PT01M44.00S,3,1610612742,DAL,203501,Hardaway Jr.,T. Hardaway Jr.,0,0,0,,0,,,0,h,SUB: Doncic FOR Hardaway Jr.,Substitution,,0,0,300,0042300403
0042300403,420,PT01M44.00S,3,1610612742,DAL,1628467,Kleber,M. Kleber,0,0,0,,0,,,0,h,SUB: Jones Jr. FOR Kleber,Substitution,,0,0,301,0042300403
0042300403,421,PT01M44.00S,3,1610612742,DAL,1629655,Gafford,D. Gafford,0,0,0,,0,,,0,h,SUB: Washington FOR Gafford,Substitution,,0,0,302,0042300403
0042300403,422,PT01M44.00S,3,1610612738,BOS,1630214,Tillman,X. Tillman,0,0,0,,0,,,0,v,SUB: Horford FOR Tillman,Substitution,,0,0,303,0042300403
0042300403,427,PT01M44.00S,3,1610612738,BOS,1628401,White,D. White,0,0,0,,0,67,80,147,v,White Free Throw 2 of 2 (5 PTS),Free Throw,Free Throw 2 of 2,1,0,304,0042300403
0042300403,428,PT01M24.00S,3,1610612742,DAL,202681,Irving,K. Irving,51,103,11,Missed,1,,,0,h,MISS Irving 11' Fadeaway Jumper,Missed Shot,Fadeaway Jump Shot,1,2,305,0042300403
0042300403,429,PT01M20.00S,3,1610612738,BOS,1628401,White,D. White,0,0,0,,0,,,0,v,White REBOUND (Off:0 Def:4),Rebound,Unknown,1,0,306,0042300403
0042300403,430,PT01M13.00S,3,1610612738,BOS,1630573,Hauser,S. Hauser,205,134,24,Missed,1,,,0,v,MISS Hauser 24' 3PT Running Jump Shot,Missed Shot,Running Jump Shot,1,3,307,0042300403
0042300403,431,PT01M11.00S,3,1610612742,DAL,1629023,Washington,P. Washington,0,0,0,,0,,,0,h,Washington REBOUND (Off:1 Def:6),Rebound,Unknown,1,0,308,0042300403
0042300403,432,PT01M04.00S,3,1610612742,DAL,1629023,Washington,P. Washington,31,247,25,Made,1,70,80,150,h,Washington 25' 3PT Jump Shot (4 PTS) (Green 2 AST),Made Shot,Jump Shot,1,3,309,0042300403
0042300403,434,PT00M41.80S,3,1610612738,BOS,1628401,White,D. White,-22,302,30,Made,1,70,83,153,v,White 30' 3PT Pullup Jump Shot (8 PTS),Made Shot,Pullup Jump shot,1,3,310,0042300403
0042300403,435,PT00M24.50S,3,1610612742,DAL,1629023,Washington,P. Washington,31,101,11,Missed,1,,,0,h,MISS Washington 11' Driving Hook Shot,Missed Shot,Driving Hook Shot,1,2,311,0042300403
0042300403,436,PT00M22.10S,3,1610612738,BOS,201143,Horford,A. Horford,0,0,0,,0,,,0,v,Horford REBOUND (Off:0 Def:4),Rebound,Unknown,1,0,312,0042300403
0042300403,437,PT00M07.10S,3,1610612738,BOS,1627759,Brown,J. Brown,-13,21,2,Made,1,70,85,155,v,Brown 2' Driving Dunk (21 PTS),Made Shot,Driving Dunk Shot,1,2,313,0042300403
0042300403,438,PT00M03.50S,3,1610612738,BOS,1628401,White,D. White,0,0,0,,0,,,0,v,White Personal Take Foul (P3.T3) (K.Scott),Foul,Personal Take,1,0,314,0042300403
0042300403,440,PT00M03.50S,3,1610612738,BOS,1630573,Hauser,S. Hauser,0,0,0,,0,,,0,v,SUB: Tatum FOR Hauser,Substitution,,0,0,315,0042300403
0042300403,442,PT00M00.60S,3,1610612742,DAL,202681,Irving,K. Irving,-15,6,2,Missed,1,,,0,h,MISS Irving 2' Layup,Missed Shot,Layup Shot,1,2,316,0042300403
0042300403,442,PT00M00.60S,3,1610612738,BOS,1628401,White,D. White,0,0,0,,0,,,0,v,White BLOCK (2 BLK),,,1,2,317,0042300403
0042300403,444,PT00M00.10S,3,0,,1610612742,,,0,0,0,,0,,,0,h,MAVERICKS Rebound,Rebound,Unknown,1,0,318,0042300403
0042300403,445,PT00M00.00S,3,0,,0,,,0,0,0,,0,70,85,155,,End of 3rd Period (10:17 PM EST),period,end,1,0,319,0042300403
0042300403,450,PT12M00.00S,4,0,,0,,,0,0,0,,0,70,85,155,,Start of 4th Period (10:21 PM EST),period,start,0,0,320,0042300403
0042300403,451,PT11M47.00S,4,1610612742,DAL,1629029,Dončić,L. Dončić,0,0,0,,0,,,0,h,Doncic OFF.Foul (P3) (J.Capers),Foul,Offensive,0,0,321,0042300403
0042300403,453,PT11M47.00S,4,1610612742,DAL,1629029,Dončić,L. Dončić,0,0,0,,0,,,0,h,Doncic Offensive Foul Turnover (P3.T8),Turnover,Offensive Foul Turnover,0,0,322,0042300403
0042300403,454,PT11M29.00S,4,1610612738,BOS,1627759,Brown,J. Brown,228,12,0,Made,1,70,88,158,v,Brown 3PT Jump Shot (24 PTS) (Tatum 4 AST),Made Shot,Jump Shot,1,3,323,0042300403
0042300403,456,PT11M17.00S,4,1610612742,DAL,202681,Irving,K. Irving,12,87,9,Missed,1,,,0,h,MISS Irving 9' Driving Floating Jump Shot,Missed Shot,Driving Floating Jump Shot,1,2,324,0042300403
0042300403,457,PT11M17.00S,4,0,,1610612738,,,0,0,0,,0,,,0,v,Celtics Rebound,Rebound,Unknown,1,0,325,0042300403
0042300403,458,PT11M17.00S,4,1610612742,DAL,202681,Irving,K. Irving,0,0,0,,0,,,0,h,Irving L.B.FOUL (P3.T1) (J.Capers),Foul,Loose Ball,1,0,326,0042300403
0042300403,460,PT11M07.00S,4,1610612738,BOS,1628401,White,D. White,179,178,25,Made,1,70,91,161,v,White 25' 3PT Jump Shot (11 PTS) (Pritchard 1 AST),Made Shot,Jump Shot,1,3,327,0042300403
0042300403,462,PT11M06.00S,4,0,,1610612742,,,0,0,0,,0,,,0,h,MAVERICKS Timeout: Regular (Full 4 Short 0),Timeout,Regular,0,0,328,0042300403
0042300403,463,PT10M46.00S,4,1610612742,DAL,1629029,Dončić,L. Dončić,-20,37,4,Missed,1,,,0,h,MISS Doncic 4' Turnaround Hook Shot,Missed Shot,Turnaround Hook Shot,1,2,329,0042300403
0042300403,464,PT10M42.00S,4,1610612738,BOS,1627759,Brown,J. Brown,0,0,0,,0,,,0,v,Brown REBOUND (Off:0 Def:4),Rebound,Unknown,1,0,330,0042300403
0042300403,465,PT10M21.00S,4,1610612738,BOS,1630202,Pritchard,P. Pritchard,147,57,16,Missed,1,,,0,v,MISS Pritchard 16' Pullup Jump Shot,Missed Shot,Pullup Jump shot,1,2,331,0042300403
0042300403,466,PT10M18.00S,4,1610612742,DAL,1641726,Lively II,D. Lively II,0,0,0,,0,,,0,h,Lively II REBOUND (Off:1 Def:7),Rebound,Unknown,1,0,332,0042300403
0042300403,467,PT10M14.00S,4,1610612742,DAL,1629023,Washington,P. Washington,161,190,25,Made,1,73,91,164,h,Washington 25' 3PT Running Pull-Up Jump Shot (7 PTS) (Doncic 4 AST),Made Shot,Running Pull-Up Jump Shot,1,3,333,0042300403
0042300403,469,PT09M53.00S,4,1610612738,BOS,1627759,Brown,J. Brown,232,47,24,Missed,1,,,0,v,MISS Brown 24' 3PT Jump Shot,Missed Shot,Jump Shot,1,3,334,0042300403
0042300403,470,PT09M51.00S,4,1610612742,DAL,1630182,Green,J. Green,0,0,0,,0,,,0,h,Green REBOUND (Off:1 Def:1),Rebound,Unknown,1,0,335,0042300403
0042300403,471,PT09M44.00S,4,1610612738,BOS,1630202,Pritchard,P. Pritchard,0,0,0,,0,,,0,v,Pritchard P.FOUL (P2.T1) (J.Capers),Foul,Personal,1,0,336,0042300403
0042300403,473,PT09M44.00S,4,1610612738,BOS,1627759,Brown,J. Brown,0,0,0,,0,,,0,v,SUB: Holiday FOR Brown,Substitution,,0,0,337,0042300403
0042300403,475,PT09M34.00S,4,1610612742,DAL,1629029,Dončić,L. Dončić,-29,31,4,Made,1,75,91,166,h,Doncic 4' Driving Layup (27 PTS),Made Shot,Driving Layup Shot,1,2,338,0042300403
0042300403,477,PT09M24.00S,4,1610612742,DAL,1629029,Dončić,L. Dončić,0,0,0,,0,,,0,h,Doncic P.FOUL (P4.T2) (K.Scott),Foul,Personal,1,0,339,0042300403
0042300403,479,PT09M11.00S,4,1610612738,BOS,1630202,Pritchard,P. Pritchard,191,67,20,Missed,1,,,0,v,MISS Pritchard 20' Step Back Jump Shot,Missed Shot,Step Back Jump shot,1,2,340,0042300403
0042300403,480,PT09M08.00S,4,1610612742,DAL,1629029,Dončić,L. Dončić,0,0,0,,0,,,0,h,Doncic REBOUND (Off:0 Def:5),Rebound,Unknown,1,0,341,0042300403
0042300403,481,PT09M02.00S,4,1610612742,DAL,1629029,Dončić,L. Dončić,-200,150,25,Missed,1,,,0,h,MISS Doncic 25' 3PT Step Back Jump Shot,Missed Shot,Step Back Jump shot,1,3,342,0042300403
0042300403,482,PT08M56.00S,4,1610612742,DAL,1641726,Lively II,D. Lively II,0,0,0,,0,,,0,h,Lively II REBOUND (Off:2 Def:7),Rebound,Unknown,1,0,343,0042300403
0042300403,483,PT08M56.00S,4,1610612742,DAL,1641726,Lively II,D. Lively II,0,0,0,Made,1,77,91,168,h,Lively II Tip Layup Shot (7 PTS),Made Shot,Tip Layup Shot,1,2,344,0042300403
0042300403,484,PT08M36.00S,4,1610612738,BOS,1628369,Tatum,J. Tatum,-56,144,15,Missed,1,,,0,v,MISS Tatum 15' Fadeaway Jumper,Missed Shot,Fadeaway Jump Shot,1,2,345,0042300403
0042300403,485,PT08M32.00S,4,1610612742,DAL,1629029,Dončić,L. Dončić,0,0,0,,0,,,0,h,Doncic REBOUND (Off:0 Def:6),Rebound,Unknown,1,0,346,0042300403
0042300403,486,PT08M24.00S,4,1610612742,DAL,1630182,Green,J. Green,-223,2,0,Made,1,80,91,171,h,Green 3PT Jump Shot (3 PTS) (Doncic 5 AST),Made Shot,Jump Shot,1,3,347,0042300403
0042300403,488,PT08M23.00S,4,0,,1610612738,,,0,0,0,,0,,,0,v,Celtics Timeout: Regular (Reg.4 Short 0),Timeout,Regular,0,0,348,0042300403
0042300403,489,PT08M23.00S,4,1610612738,BOS,1630202,Pritchard,P. Pritchard,0,0,0,,0,,,0,v,SUB: Brown FOR Pritchard,Substitution,,0,0,349,0042300403
0042300403,491,PT08M04.00S,4,1610612738,BOS,1628369,Tatum,J. Tatum,0,0,0,,0,,,0,v,Tatum Lost Ball Turnover (P2.T5),Turnover,Lost Ball,1,0,350,0042300403
0042300403,491,PT08M04.00S,4,1610612742,DAL,1641726,Lively II,D. Lively II,0,0,0,,0,,,0,h,Lively II STEAL (2 STL),,,1,0,351,0042300403
0042300403,493,PT08M01.00S,4,1610612738,BOS,1627759,Brown,J. Brown,0,0,0,,0,,,0,v,Brown S.FOUL (P3.T2) (K.Scott),Foul,Shooting,1,0,352,0042300403
0042300403,495,PT08M01.00S,4,1610612742,DAL,1629023,Washington,P. Washington,0,0,0,,0,81,91,172,h,Washington Free Throw 1 of 2 (8 PTS),Free Throw,Free Throw 1 of 2,1,0,353,0042300403
0042300403,496,PT08M01.00S,4,1610612742,DAL,1629023,Washington,P. Washington,0,0,0,,0,82,91,173,h,Washington Free Throw 2 of 2 (9 PTS),Free Throw,Free Throw 2 of 2,1,0,354,0042300403
0042300403,497,PT07M45.00S,4,1610612738,BOS,1627759,Brown,J. Brown,20,106,11,Made,1,82,93,175,v,Brown 11' Turnaround Fadeaway (26 PTS) (Tatum 5 AST),Made Shot,Turnaround Fadeaway shot,1,2,355,0042300403
0042300403,499,PT07M27.00S,4,1610612742,DAL,202681,Irving,K. Irving,33,66,7,Made,1,84,93,177,h,Irving 7' Driving Floating Jump Shot (28 PTS),Made Shot,Driving Floating Jump Shot,1,2,356,0042300403
0042300403,500,PT07M11.00S,4,1610612738,BOS,1628369,Tatum,J. Tatum,-17,27,3,Missed,1,,,0,v,MISS Tatum 3' Driving Layup,Missed Shot,Driving Layup Shot,1,2,357,0042300403
0042300403,501,PT07M09.00S,4,1610612742,DAL,1641726,Lively II,D. Lively II,0,0,0,,0,,,0,h,Lively II REBOUND (Off:2 Def:8),Rebound,Unknown,1,0,358,0042300403
0042300403,502,PT07M01.00S,4,1610612742,DAL,1629023,Washington,P. Washington,234,8,0,Made,1,87,93,180,h,Washington 3PT Jump Shot (12 PTS) (Doncic 6 AST),Made Shot,Jump Shot,1,3,359,0042300403
0042300403,505,PT06M39.00S,4,1610612738,BOS,1627759,Brown,J. Brown,-170,247,30,Missed,1,,,0,v,MISS Brown 30' 3PT Step Back Jump Shot,Missed Shot,Step Back Jump shot,1,3,360,0042300403
0042300403,506,PT06M39.00S,4,1610612742,DAL,1629023,Washington,P. Washington,0,0,0,,0,,,0,h,Washington REBOUND (Off:1 Def:7),Rebound,Unknown,1,0,361,0042300403
0042300403,507,PT06M26.00S,4,1610612742,DAL,1629029,Dončić,L. Dončić,22,13,3,Missed,1,,,0,h,MISS Doncic 3' Driving Layup,Missed Shot,Driving Layup Shot,1,2,362,0042300403
0042300403,508,PT06M24.00S,4,1610612738,BOS,1627759,Brown,J. Brown,0,0,0,,0,,,0,v,Brown REBOUND (Off:0 Def:5),Rebound,Unknown,1,0,363,0042300403
0042300403,509,PT06M21.00S,4,1610612738,BOS,201143,Horford,A. Horford,0,0,0,,0,,,0,v,Horford Traveling Turnover (P1.T6),Turnover,Traveling,1,0,364,0042300403
0042300403,511,PT06M11.00S,4,1610612738,BOS,201950,Holiday,J. Holiday,0,0,0,,0,,,0,v,Holiday S.FOUL (P3.T3) (J.Capers),Foul,Shooting,1,0,365,0042300403
0042300403,513,PT06M11.00S,4,1610612742,DAL,202681,Irving,K. Irving,0,0,0,,0,88,93,181,h,Irving Free Throw 1 of 3 (29 PTS),Free Throw,Free Throw 1 of 3,1,0,366,0042300403
0042300403,514,PT06M11.00S,4,1610612742,DAL,202681,Irving,K. Irving,0,0,0,,0,89,93,182,h,Irving Free Throw 2 of 3 (30 PTS),Free Throw,Free Throw 2 of 3,1,0,367,0042300403
0042300403,515,PT06M11.00S,4,1610612742,DAL,202681,Irving,K. Irving,0,0,0,,0,90,93,183,h,Irving Free Throw 3 of 3 (31 PTS),Free Throw,Free Throw 3 of 3,1,0,368,0042300403
0042300403,516,PT05M54.00S,4,1610612738,BOS,1627759,Brown,J. Brown,0,0,0,,0,,,0,v,Brown Lost Ball Turnover (P3.T7),Turnover,Lost Ball,1,0,369,0042300403
0042300403,516,PT05M54.00S,4,1610612742,DAL,1629029,Dončić,L. Dončić,0,0,0,,0,,,0,h,Doncic STEAL (1 STL),,,1,0,370,0042300403
0042300403,518,PT05M42.00S,4,1610612742,DAL,1629023,Washington,P. Washington,230,63,24,Missed,1,,,0,h,MISS Washington 24' 3PT Jump Shot,Missed Shot,Jump Shot,1,3,371,0042300403
0042300403,519,PT05M34.00S,4,1610612738,BOS,1628369,Tatum,J. Tatum,0,0,0,,0,,,0,v,Tatum REBOUND (Off:0 Def:5),Rebound,Unknown,1,0,372,0042300403
0042300403,520,PT05M26.00S,4,1610612738,BOS,201950,Holiday,J. Holiday,-4,253,25,Missed,1,,,0,v,MISS Holiday 25' 3PT Pullup Jump Shot,Missed Shot,Pullup Jump shot,1,3,373,0042300403
0042300403,521,PT05M25.00S,4,1610612742,DAL,1641726,Lively II,D. Lively II,0,0,0,,0,,,0,h,Lively II REBOUND (Off:2 Def:9),Rebound,Unknown,1,0,374,0042300403
0042300403,522,PT05M25.00S,4,0,,1610612742,,,0,0,0,,0,,,0,h,MAVERICKS Timeout: Regular (Full 5 Short 0),Timeout,Regular,0,0,375,0042300403
0042300403,523,PT05M08.00S,4,1610612738,BOS,1628401,White,D. White,0,0,0,,0,,,0,v,White P.FOUL (P4.T4) (M.Davis),Foul,Personal,1,0,376,0042300403
0042300403,525,PT04M57.00S,4,1610612742,DAL,1629029,Dončić,L. Dončić,-18,27,3,Missed,1,,,0,h,MISS Doncic 3' Fadeaway Jumper,Missed Shot,Fadeaway Jump Shot,1,2,377,0042300403
0042300403,526,PT04M55.00S,4,1610612738,BOS,1627759,Brown,J. Brown,0,0,0,,0,,,0,v,Brown REBOUND (Off:0 Def:6),Rebound,Unknown,1,0,378,0042300403
0042300403,528,PT04M38.00S,4,1610612742,DAL,1629029,Dončić,L. Dončić,0,0,0,,0,,,0,h,Doncic P.FOUL (P5.T3) (K.Scott),Foul,Personal,1,0,379,0042300403
0042300403,531,PT04M38.00S,4,0,,1610612738,,,0,0,0,,0,,,0,v,Celtics Timeout: Regular (Reg.5 Short 0),Timeout,Regular,0,0,380,0042300403
0042300403,532,PT04M28.00S,4,1610612738,BOS,201143,Horford,A. Horford,-233,55,24,Missed,1,,,0,v,MISS Horford 24' 3PT Jump Shot,Missed Shot,Jump Shot,1,3,381,0042300403
0042300403,533,PT04M24.00S,4,1610612742,DAL,1630182,Green,J. Green,0,0,0,,0,,,0,h,Green REBOUND (Off:1 Def:2),Rebound,Unknown,1,0,382,0042300403
0042300403,534,PT04M18.00S,4,1610612742,DAL,202681,Irving,K. Irving,-85,10,9,Missed,1,,,0,h,MISS Irving 9' Pullup Jump Shot,Missed Shot,Pullup Jump shot,1,2,383,0042300403
0042300403,535,PT04M15.00S,4,1610612738,BOS,1628369,Tatum,J. Tatum,0,0,0,,0,,,0,v,Tatum REBOUND (Off:0 Def:6),Rebound,Unknown,1,0,384,0042300403
0042300403,536,PT04M12.00S,4,1610612742,DAL,1629029,Dončić,L. Dončić,0,0,0,,0,,,0,h,Doncic P.FOUL (P6.T4) (K.Scott),Foul,Personal,1,0,385,0042300403
0042300403,538,PT04M12.00S,4,0,,1610612742,,,0,0,0,,0,,,0,h,MAVERICKS Timeout: Regular (Full 6 Short 0),Timeout,Regular,0,0,386,0042300403
0042300403,539,PT04M12.00S,4,0,,0,,,0,0,0,,0,90,93,183,,Instant Replay4th Period (10:45 PM EST),Instant Replay,Coach Challenge Support Ruling,1,0,387,0042300403
0042300403,540,PT04M12.00S,4,1610612742,DAL,1629029,Dončić,L. Dončić,0,0,0,,0,,,0,h,SUB: Hardaway Jr. FOR Doncic,Substitution,,0,0,388,0042300403
0042300403,542,PT03M54.00S,4,1610612738,BOS,1627759,Brown,J. Brown,27,132,13,Missed,1,,,0,v,MISS Brown 13' Fadeaway Jumper,Missed Shot,Fadeaway Jump Shot,1,2,389,0042300403
0042300403,543,PT03M51.00S,4,1610612742,DAL,1641726,Lively II,D. Lively II,0,0,0,,0,,,0,h,Lively II REBOUND (Off:2 Def:10),Rebound,Unknown,1,0,390,0042300403
0042300403,544,PT03M37.00S,4,1610612742,DAL,202681,Irving,K. Irving,112,135,18,Made,1,92,93,185,h,Irving 18' Pullup Jump Shot (33 PTS),Made Shot,Pullup Jump shot,1,2,391,0042300403
0042300403,545,PT03M11.00S,4,1610612738,BOS,1628369,Tatum,J. Tatum,21,49,5,Missed,1,,,0,v,MISS Tatum 5' Driving Floating Jump Shot,Missed Shot,Driving Floating Jump Shot,1,2,392,0042300403
0042300403,546,PT03M08.00S,4,1610612738,BOS,1627759,Brown,J. Brown,0,0,0,,0,,,0,v,Brown REBOUND (Off:1 Def:6),Rebound,Unknown,1,0,393,0042300403
0042300403,547,PT03M08.00S,4,1610612738,BOS,1627759,Brown,J. Brown,0,0,0,Made,1,92,95,187,v,Brown Tip Layup Shot (28 PTS),Made Shot,Tip Layup Shot,1,2,394,0042300403
0042300403,548,PT03M05.00S,4,1610612742,DAL,1629023,Washington,P. Washington,0,0,0,,0,,,0,h,Washington OFF.Foul (P2) (M.Davis),Foul,Offensive,1,0,395,0042300403
0042300403,550,PT03M05.00S,4,1610612742,DAL,1629023,Washington,P. Washington,0,0,0,,0,,,0,h,Washington Offensive Foul Turnover (P2.T9),Turnover,Offensive Foul Turnover,1,0,396,0042300403
0042300403,552,PT02M48.00S,4,1610612738,BOS,1628401,White,D. White,138,220,26,Made,1,92,98,190,v,White 26' 3PT Jump Shot (14 PTS) (Holiday 5 AST),Made Shot,Jump Shot,1,3,397,0042300403
0042300403,554,PT02M32.00S,4,1610612738,BOS,201950,Holiday,J. Holiday,0,0,0,,0,,,0,v,Holiday S.FOUL (P4.PN) (J.Capers),Foul,Shooting,1,0,398,0042300403
0042300403,556,PT02M32.00S,4,1610612742,DAL,202681,Irving,K. Irving,0,0,0,,0,93,98,191,h,Irving Free Throw 1 of 2 (34 PTS),Free Throw,Free Throw 1 of 2,1,0,399,0042300403
0042300403,557,PT02M32.00S,4,1610612742,DAL,202681,Irving,K. Irving,0,0,0,,0,94,98,192,h,Irving Free Throw 2 of 2 (35 PTS),Free Throw,Free Throw 2 of 2,1,0,400,0042300403
0042300403,558,PT02M17.00S,4,1610612738,BOS,1628369,Tatum,J. Tatum,-16,10,2,Made,1,94,100,194,v,Tatum 2' Driving Dunk (29 PTS) (White 4 AST),Made Shot,Driving Dunk Shot,1,2,401,0042300403
0042300403,560,PT01M59.00S,4,1610612742,DAL,202681,Irving,K. Irving,-21,48,5,Missed,1,,,0,h,MISS Irving 5' Driving Layup,Missed Shot,Driving Layup Shot,1,2,402,0042300403
0042300403,561,PT01M57.00S,4,1610612738,BOS,1628401,White,D. White,0,0,0,,0,,,0,v,White REBOUND (Off:0 Def:5),Rebound,Unknown,1,0,403,0042300403
0042300403,567,PT01M56.00S,4,1610612738,BOS,1628401,White,D. White,0,0,0,,0,,,0,v,White Bad Pass Turnover (P1.T8),Turnover,Bad Pass,1,0,404,0042300403
0042300403,567,PT01M56.00S,4,1610612742,DAL,1630182,Green,J. Green,0,0,0,,0,,,0,h,Green STEAL (1 STL),,,1,0,405,0042300403
0042300403,562,PT01M55.00S,4,1610612742,DAL,1630182,Green,J. Green,27,24,4,Missed,1,,,0,h,MISS Green 4' Driving Layup,Missed Shot,Driving Layup Shot,1,2,406,0042300403
0042300403,563,PT01M55.00S,4,1610612742,DAL,1641726,Lively II,D. Lively II,0,0,0,,0,,,0,h,Lively II REBOUND (Off:3 Def:10),Rebound,Unknown,1,0,407,0042300403
0042300403,564,PT01M55.00S,4,1610612742,DAL,1641726,Lively II,D. Lively II,0,0,0,Made,1,96,100,196,h,Lively II Putback Dunk (9 PTS),Made Shot,Putback Dunk Shot,1,2,408,0042300403
0042300403,565,PT01M34.00S,4,1610612738,BOS,1628369,Tatum,J. Tatum,-181,214,28,Missed,1,,,0,v,MISS Tatum 28' 3PT Step Back Jump Shot,Missed Shot,Step Back Jump shot,1,3,409,0042300403
0042300403,566,PT01M30.00S,4,1610612742,DAL,203501,Hardaway Jr.,T. Hardaway Jr.,0,0,0,,0,,,0,h,Hardaway Jr. REBOUND (Off:0 Def:3),Rebound,Unknown,1,0,410,0042300403
0042300403,569,PT01M20.00S,4,1610612742,DAL,1641726,Lively II,D. Lively II,1,4,0,Made,1,98,100,198,h,Lively II Cutting Dunk Shot (11 PTS) (Irving 2 AST),Made Shot,Cutting Dunk Shot,1,2,411,0042300403
0042300403,571,PT01M01.00S,4,1610612738,BOS,1627759,Brown,J. Brown,62,196,21,Made,1,98,102,200,v,Brown 21' Pullup Jump Shot (30 PTS),Made Shot,Pullup Jump shot,1,2,412,0042300403
0042300403,572,PT00M49.00S,4,1610612742,DAL,1629023,Washington,P. Washington,-228,-19,0,Missed,1,,,0,h,MISS Washington 3PT Jump Shot,Missed Shot,Jump Shot,1,3,413,0042300403
0042300403,573,PT00M46.90S,4,1610612738,BOS,201143,Horford,A. Horford,0,0,0,,0,,,0,v,Horford REBOUND (Off:0 Def:5),Rebound,Unknown,1,0,414,0042300403
0042300403,575,PT00M42.20S,4,1610612738,BOS,201143,Horford,A. Horford,0,0,0,,0,,,0,v,Horford Out of Bounds Lost Ball Turnover (P2.T9),Turnover,Out of Bounds Lost Ball Turnover,1,0,415,0042300403
0042300403,576,PT00M25.00S,4,1610612742,DAL,202681,Irving,K. Irving,176,193,26,Missed,1,,,0,h,MISS Irving 26' 3PT Pullup Jump Shot,Missed Shot,Pullup Jump shot,1,3,416,0042300403
0042300403,577,PT00M22.00S,4,0,,1610612738,,,0,0,0,,0,,,0,v,Celtics Rebound,Rebound,Unknown,0,0,417,0042300403
0042300403,578,PT00M22.00S,4,1610612742,DAL,1629023,Washington,P. Washington,0,0,0,,0,,,0,h,Washington L.B.FOUL (P3.PN) (M.Davis),Foul,Loose Ball,1,0,418,0042300403
0042300403,580,PT00M22.00S,4,1610612738,BOS,1628401,White,D. White,0,0,0,,0,98,103,201,v,White Free Throw 1 of 2 (15 PTS),Free Throw,Free Throw 1 of 2,1,0,419,0042300403
0042300403,581,PT00M22.00S,4,1610612738,BOS,1628401,White,D. White,0,0,0,,0,98,104,202,v,White Free Throw 2 of 2 (16 PTS),Free Throw,Free Throw 2 of 2,1,0,420,0042300403
0042300403,582,PT00M22.00S,4,0,,1610612742,,,0,0,0,,0,,,0,h,MAVERICKS Timeout: Regular (Full 7 Short 0),Timeout,Regular,0,0,421,0042300403
0042300403,583,PT00M19.50S,4,1610612742,DAL,203501,Hardaway Jr.,T. Hardaway Jr.,142,208,25,Missed,1,,,0,h,MISS Hardaway Jr. 25' 3PT Pullup Jump Shot,Missed Shot,Pullup Jump shot,1,3,422,0042300403
0042300403,584,PT00M16.50S,4,1610612738,BOS,1627759,Brown,J. Brown,0,0,0,,0,,,0,v,Brown REBOUND (Off:1 Def:7),Rebound,Unknown,1,0,423,0042300403
0042300403,585,PT00M14.60S,4,1610612742,DAL,1630182,Green,J. Green,0,0,0,,0,,,0,h,Green Personal Take Foul (P2.PN) (M.Davis),Foul,Personal Take,1,0,424,0042300403
0042300403,587,PT00M14.60S,4,1610612738,BOS,1628369,Tatum,J. Tatum,0,0,0,,0,98,105,203,v,Tatum Free Throw 1 of 2 (30 PTS),Free Throw,Free Throw 1 of 2,1,0,425,0042300403
0042300403,588,PT00M14.60S,4,1610612738,BOS,1628369,Tatum,J. Tatum,0,0,0,,0,98,106,204,v,Tatum Free Throw 2 of 2 (31 PTS),Free Throw,Free Throw 2 of 2,1,0,426,0042300403
0042300403,589,PT00M10.80S,4,1610612738,BOS,201143,Horford,A. Horford,0,0,0,,0,,,0,v,Horford Personal Take Foul (P1.PN) (J.Capers),Foul,Personal Take,1,0,427,0042300403
0042300403,591,PT00M10.80S,4,1610612742,DAL,1629023,Washington,P. Washington,0,0,0,,0,,,0,h,MISS Washington Free Throw 1 of 2,Free Throw,Free Throw 1 of 2,1,0,428,0042300403
0042300403,592,PT00M10.80S,4,0,,1610612742,,,0,0,0,,0,,,0,h,MAVERICKS Rebound,Rebound,Normal Rebound,0,0,429,0042300403
0042300403,593,PT00M10.80S,4,1610612742,DAL,1629023,Washington,P. Washington,0,0,0,,0,99,106,205,h,Washington Free Throw 2 of 2 (13 PTS),Free Throw,Free Throw 2 of 2,1,0,430,0042300403
0042300403,594,PT00M00.00S,4,0,,0,,,0,0,0,,0,99,106,205,,End of 4th Period (10:59 PM EST),period,end,1,0,431,0042300403
